title,price,rating,location,url,scraped_date
Wohnung in St. Gallen,Price not available,No rating,St. Gallen zentral und gemütlich,https://www.airbnb.ch/rooms/25726270?search_mode=regular_search&adults=1&check_in=2025-04-01&check_out=2025-04-06&children=0&infants=0&pets=0&source_impression_id=p3_1742657496_P3OJOEcuPK0bQWJp&previous_page_section_name=1000&federated_search_id=06e1c76d-974b-4907-a5fd-f52db839575b,2025-03-22 16:31:43
Wohnung in St. Gallen,Price not available,No rating,TouchBed | Budget-Studio,https://www.airbnb.ch/rooms/22469139?search_mode=regular_search&adults=1&check_in=2025-04-01&check_out=2025-04-06&children=0&infants=0&pets=0&source_impression_id=p3_1742657497_P3LuiXUztX1nGFn3&previous_page_section_name=1000&federated_search_id=06e1c76d-974b-4907-a5fd-f52db839575b,2025-03-22 16:31:43
Zimmer in St. Gallen,Price not available,No rating,"Aufenthalt bei Susanne
Aufenthalt bei Susanne
7 Jahre Gastgeber:in
,
 · 7 Jahre Gastgeber:in",https://www.airbnb.ch/rooms/42784108?search_mode=regular_search&adults=1&category_tag=Tag%3A8678&check_in=2025-04-07&check_out=2025-04-12&children=0&infants=0&pets=0&photo_id=982754303&source_impression_id=p3_1742657497_P3Jeh-Snytd8futH&previous_page_section_name=1000&federated_search_id=06e1c76d-974b-4907-a5fd-f52db839575b,2025-03-22 16:31:43
Wohnung in St. Gallen,Price not available,No rating,Gemütliche Wohnung,https://www.airbnb.ch/rooms/1258654575298959105?search_mode=regular_search&adults=1&check_in=2025-04-01&check_out=2025-04-06&children=0&infants=0&pets=0&source_impression_id=p3_1742657497_P3dWId5pwQ1IuVe8&previous_page_section_name=1000&federated_search_id=06e1c76d-974b-4907-a5fd-f52db839575b,2025-03-22 16:31:43
Wohnung in St. Gallen,Price not available,No rating,"St.Gallen zentral, ruhig, bei Badeweihern und Wald",https://www.airbnb.ch/rooms/41971258?search_mode=regular_search&adults=1&check_in=2025-04-02&check_out=2025-04-07&children=0&infants=0&pets=0&source_impression_id=p3_1742657497_P3j4dBOJP-QbYqIh&previous_page_section_name=1000&federated_search_id=06e1c76d-974b-4907-a5fd-f52db839575b,2025-03-22 16:31:43
Wohnung in St. Gallen,Price not available,No rating,Charmante Altbauwohnung ruhig und doch zentral,https://www.airbnb.ch/rooms/1002032650200924193?search_mode=regular_search&adults=1&check_in=2025-04-01&check_out=2025-04-06&children=0&infants=0&pets=0&source_impression_id=p3_1742657497_P3b5Ez9Ap534ICvn&previous_page_section_name=1000&federated_search_id=06e1c76d-974b-4907-a5fd-f52db839575b,2025-03-22 16:31:43
Wohnung in St. Gallen,Price not available,No rating,Gemütliches Studio im Hotelstyle,https://www.airbnb.ch/rooms/1271492765511551149?search_mode=regular_search&adults=1&check_in=2025-04-01&check_out=2025-04-06&children=0&infants=0&pets=0&source_impression_id=p3_1742657497_P3pTJHmEs6gnuoj2&previous_page_section_name=1000&federated_search_id=06e1c76d-974b-4907-a5fd-f52db839575b,2025-03-22 16:31:44
Zimmer in St. Gallen,Price not available,No rating,"Aufenthalt bei Erola
Aufenthalt bei Erola
9 Jahre Gastgeber:in
,
 · 9 Jahre Gastgeber:in",https://www.airbnb.ch/rooms/886956306594218127?search_mode=regular_search&adults=1&category_tag=Tag%3A8678&check_in=2025-04-01&check_out=2025-04-06&children=0&infants=0&pets=0&photo_id=1646729598&source_impression_id=p3_1742657497_P30nYtei2safEwk5&previous_page_section_name=1000&federated_search_id=06e1c76d-974b-4907-a5fd-f52db839575b,2025-03-22 16:31:44
Unterkunft in St. Gallen,Price not available,No rating,"YELLOW INN 7 nähe Uni, Olma, Spital, FHS",https://www.airbnb.ch/rooms/31036410?search_mode=regular_search&adults=1&check_in=2025-04-02&check_out=2025-04-07&children=0&infants=0&pets=0&source_impression_id=p3_1742657497_P3um6FdwAsxAGPXM&previous_page_section_name=1000&federated_search_id=06e1c76d-974b-4907-a5fd-f52db839575b,2025-03-22 16:31:44
Unterkunft in St. Gallen,Price not available,No rating,TouchBed | Budget Doppelzimmer,https://www.airbnb.ch/rooms/22112589?search_mode=regular_search&adults=1&check_in=2025-04-01&check_out=2025-04-06&children=0&infants=0&pets=0&source_impression_id=p3_1742657497_P3xGv7VO9mkag94o&previous_page_section_name=1000&federated_search_id=06e1c76d-974b-4907-a5fd-f52db839575b,2025-03-22 16:31:44
Zimmer in Sankt Gallen,Price not available,No rating,"Aufenthalt bei Felix
Aufenthalt bei Felix
8 Jahre Gastgeber:in
,
 · 8 Jahre Gastgeber:in",https://www.airbnb.ch/rooms/20937274?search_mode=regular_search&adults=1&category_tag=Tag%3A8678&check_in=2025-04-04&check_out=2025-04-09&children=0&infants=0&pets=0&photo_id=372810159&source_impression_id=p3_1742657497_P3HZG7jTtRA5iGb4&previous_page_section_name=1000&federated_search_id=06e1c76d-974b-4907-a5fd-f52db839575b,2025-03-22 16:31:44
Wohnung in St. Gallen,Price not available,No rating,1 Zimmerwohnung ohne Küche mitten im Zentrum,https://www.airbnb.ch/rooms/1115968720346511055?search_mode=regular_search&adults=1&check_in=2025-04-11&check_out=2025-04-16&children=0&infants=0&pets=0&source_impression_id=p3_1742657497_P3yd93q-fIxk_zEf&previous_page_section_name=1000&federated_search_id=06e1c76d-974b-4907-a5fd-f52db839575b,2025-03-22 16:31:44
Wohnung in St. Gallen,Price not available,No rating,"Nachhaltig Wohnen im 1. Stock, gratis Parkplatz!",https://www.airbnb.ch/rooms/631007400205214375?search_mode=regular_search&adults=1&check_in=2025-04-04&check_out=2025-04-09&children=0&infants=0&pets=0&source_impression_id=p3_1742657497_P3ZByVwozNHrwntl&previous_page_section_name=1000&federated_search_id=06e1c76d-974b-4907-a5fd-f52db839575b,2025-03-22 16:31:44
Zimmer in Engelburg,Price not available,No rating,"Aufenthalt bei Sabrina
Aufenthalt bei Sabrina
5 Jahre Gastgeber:in
,
 · 5 Jahre Gastgeber:in",https://www.airbnb.ch/rooms/44186446?search_mode=regular_search&adults=1&category_tag=Tag%3A8678&check_in=2025-04-01&check_out=2025-04-06&children=0&infants=0&pets=0&photo_id=1037305286&source_impression_id=p3_1742657497_P3plGABSPrq6BeRD&previous_page_section_name=1000&federated_search_id=06e1c76d-974b-4907-a5fd-f52db839575b,2025-03-22 16:31:44
Zimmer in St. Gallen,Price not available,No rating,"Aufenthalt bei Gabrielle
Aufenthalt bei Gabrielle
7 Jahre Gastgeber:in
,
 · 7 Jahre Gastgeber:in",https://www.airbnb.ch/rooms/24621835?search_mode=regular_search&adults=1&category_tag=Tag%3A8678&check_in=2025-04-01&check_out=2025-04-06&children=0&infants=0&pets=0&photo_id=484971347&source_impression_id=p3_1742657497_P3t-iVp-zRQGi8bZ&previous_page_section_name=1000&federated_search_id=06e1c76d-974b-4907-a5fd-f52db839575b,2025-03-22 16:31:44
Zimmer in St. Gallen,Price not available,No rating,"Aufenthalt bei Erola
Aufenthalt bei Erola
9 Jahre Gastgeber:in
,
 · 9 Jahre Gastgeber:in",https://www.airbnb.ch/rooms/886949108154049153?search_mode=regular_search&adults=1&category_tag=Tag%3A8678&check_in=2025-04-15&check_out=2025-04-20&children=0&infants=0&pets=0&photo_id=1646720652&source_impression_id=p3_1742657497_P3qJNLbbptRcwUX0&previous_page_section_name=1000&federated_search_id=06e1c76d-974b-4907-a5fd-f52db839575b,2025-03-22 16:31:44
Wohnung in Sankt Gallen,Price not available,No rating,"Zentral gelegenes, sonniges Studio.",https://www.airbnb.ch/rooms/10914425?search_mode=regular_search&adults=1&check_in=2025-04-01&check_out=2025-04-06&children=0&infants=0&pets=0&source_impression_id=p3_1742657497_P33DZ6lsJWkpsSu-&previous_page_section_name=1000&federated_search_id=06e1c76d-974b-4907-a5fd-f52db839575b,2025-03-22 16:31:44
Wohnung in St. Gallen,Price not available,No rating,"2,5-Zimmer-Apartment mit kostenlosem Parkplatz.",https://www.airbnb.ch/rooms/1322403842311571170?search_mode=regular_search&adults=1&check_in=2025-10-03&check_out=2025-10-08&children=0&infants=0&pets=0&source_impression_id=p3_1742657497_P3A9mAqF5gtVbLKX&previous_page_section_name=1000&federated_search_id=06e1c76d-974b-4907-a5fd-f52db839575b,2025-03-22 16:31:44
Wohnung in St. Gallen,Price not available,No rating,St. Gallen zentral und gemütlich,https://www.airbnb.ch/rooms/25726270?search_mode=regular_search&adults=1&check_in=2025-04-01&check_out=2025-04-06&children=0&infants=0&pets=0&source_impression_id=p3_1742657496_P3OJOEcuPK0bQWJp&previous_page_section_name=1000&federated_search_id=06e1c76d-974b-4907-a5fd-f52db839575b,2025-03-22 16:31:45
Wohnung in St. Gallen,Price not available,No rating,TouchBed | Budget-Studio,https://www.airbnb.ch/rooms/22469139?search_mode=regular_search&adults=1&check_in=2025-04-01&check_out=2025-04-06&children=0&infants=0&pets=0&source_impression_id=p3_1742657497_P3LuiXUztX1nGFn3&previous_page_section_name=1000&federated_search_id=06e1c76d-974b-4907-a5fd-f52db839575b,2025-03-22 16:31:45
Zimmer in St. Gallen,Price not available,No rating,"Aufenthalt bei Susanne
Aufenthalt bei Susanne
7 Jahre Gastgeber:in
,
 · 7 Jahre Gastgeber:in",https://www.airbnb.ch/rooms/42784108?search_mode=regular_search&adults=1&category_tag=Tag%3A8678&check_in=2025-04-07&check_out=2025-04-12&children=0&infants=0&pets=0&photo_id=982754303&source_impression_id=p3_1742657497_P3Jeh-Snytd8futH&previous_page_section_name=1000&federated_search_id=06e1c76d-974b-4907-a5fd-f52db839575b,2025-03-22 16:31:45
Wohnung in St. Gallen,Price not available,No rating,Gemütliche Wohnung,https://www.airbnb.ch/rooms/1258654575298959105?search_mode=regular_search&adults=1&check_in=2025-04-01&check_out=2025-04-06&children=0&infants=0&pets=0&source_impression_id=p3_1742657497_P3dWId5pwQ1IuVe8&previous_page_section_name=1000&federated_search_id=06e1c76d-974b-4907-a5fd-f52db839575b,2025-03-22 16:31:45
Wohnung in St. Gallen,Price not available,No rating,"St.Gallen zentral, ruhig, bei Badeweihern und Wald",https://www.airbnb.ch/rooms/41971258?search_mode=regular_search&adults=1&check_in=2025-04-02&check_out=2025-04-07&children=0&infants=0&pets=0&source_impression_id=p3_1742657497_P3j4dBOJP-QbYqIh&previous_page_section_name=1000&federated_search_id=06e1c76d-974b-4907-a5fd-f52db839575b,2025-03-22 16:31:45
Wohnung in St. Gallen,Price not available,No rating,Charmante Altbauwohnung ruhig und doch zentral,https://www.airbnb.ch/rooms/1002032650200924193?search_mode=regular_search&adults=1&check_in=2025-04-01&check_out=2025-04-06&children=0&infants=0&pets=0&source_impression_id=p3_1742657497_P3b5Ez9Ap534ICvn&previous_page_section_name=1000&federated_search_id=06e1c76d-974b-4907-a5fd-f52db839575b,2025-03-22 16:31:45
Wohnung in St. Gallen,Price not available,No rating,Gemütliches Studio im Hotelstyle,https://www.airbnb.ch/rooms/1271492765511551149?search_mode=regular_search&adults=1&check_in=2025-04-01&check_out=2025-04-06&children=0&infants=0&pets=0&source_impression_id=p3_1742657497_P3pTJHmEs6gnuoj2&previous_page_section_name=1000&federated_search_id=06e1c76d-974b-4907-a5fd-f52db839575b,2025-03-22 16:31:45
Zimmer in St. Gallen,Price not available,No rating,"Aufenthalt bei Erola
Aufenthalt bei Erola
9 Jahre Gastgeber:in
,
 · 9 Jahre Gastgeber:in",https://www.airbnb.ch/rooms/886956306594218127?search_mode=regular_search&adults=1&category_tag=Tag%3A8678&check_in=2025-04-01&check_out=2025-04-06&children=0&infants=0&pets=0&photo_id=1646729598&source_impression_id=p3_1742657497_P30nYtei2safEwk5&previous_page_section_name=1000&federated_search_id=06e1c76d-974b-4907-a5fd-f52db839575b,2025-03-22 16:31:45
Unterkunft in St. Gallen,Price not available,No rating,"YELLOW INN 7 nähe Uni, Olma, Spital, FHS",https://www.airbnb.ch/rooms/31036410?search_mode=regular_search&adults=1&check_in=2025-04-02&check_out=2025-04-07&children=0&infants=0&pets=0&source_impression_id=p3_1742657497_P3um6FdwAsxAGPXM&previous_page_section_name=1000&federated_search_id=06e1c76d-974b-4907-a5fd-f52db839575b,2025-03-22 16:31:45
Unterkunft in St. Gallen,Price not available,No rating,TouchBed | Budget Doppelzimmer,https://www.airbnb.ch/rooms/22112589?search_mode=regular_search&adults=1&check_in=2025-04-01&check_out=2025-04-06&children=0&infants=0&pets=0&source_impression_id=p3_1742657497_P3xGv7VO9mkag94o&previous_page_section_name=1000&federated_search_id=06e1c76d-974b-4907-a5fd-f52db839575b,2025-03-22 16:31:45
Zimmer in Sankt Gallen,Price not available,No rating,"Aufenthalt bei Felix
Aufenthalt bei Felix
8 Jahre Gastgeber:in
,
 · 8 Jahre Gastgeber:in",https://www.airbnb.ch/rooms/20937274?search_mode=regular_search&adults=1&category_tag=Tag%3A8678&check_in=2025-04-04&check_out=2025-04-09&children=0&infants=0&pets=0&photo_id=372810159&source_impression_id=p3_1742657497_P3HZG7jTtRA5iGb4&previous_page_section_name=1000&federated_search_id=06e1c76d-974b-4907-a5fd-f52db839575b,2025-03-22 16:31:45
Wohnung in St. Gallen,Price not available,No rating,1 Zimmerwohnung ohne Küche mitten im Zentrum,https://www.airbnb.ch/rooms/1115968720346511055?search_mode=regular_search&adults=1&check_in=2025-04-11&check_out=2025-04-16&children=0&infants=0&pets=0&source_impression_id=p3_1742657497_P3yd93q-fIxk_zEf&previous_page_section_name=1000&federated_search_id=06e1c76d-974b-4907-a5fd-f52db839575b,2025-03-22 16:31:45
Wohnung in St. Gallen,Price not available,No rating,"Nachhaltig Wohnen im 1. Stock, gratis Parkplatz!",https://www.airbnb.ch/rooms/631007400205214375?search_mode=regular_search&adults=1&check_in=2025-04-04&check_out=2025-04-09&children=0&infants=0&pets=0&source_impression_id=p3_1742657497_P3ZByVwozNHrwntl&previous_page_section_name=1000&federated_search_id=06e1c76d-974b-4907-a5fd-f52db839575b,2025-03-22 16:31:45
Zimmer in Engelburg,Price not available,No rating,"Aufenthalt bei Sabrina
Aufenthalt bei Sabrina
5 Jahre Gastgeber:in
,
 · 5 Jahre Gastgeber:in",https://www.airbnb.ch/rooms/44186446?search_mode=regular_search&adults=1&category_tag=Tag%3A8678&check_in=2025-04-01&check_out=2025-04-06&children=0&infants=0&pets=0&photo_id=1037305286&source_impression_id=p3_1742657497_P3plGABSPrq6BeRD&previous_page_section_name=1000&federated_search_id=06e1c76d-974b-4907-a5fd-f52db839575b,2025-03-22 16:31:45
Zimmer in St. Gallen,Price not available,No rating,"Aufenthalt bei Gabrielle
Aufenthalt bei Gabrielle
7 Jahre Gastgeber:in
,
 · 7 Jahre Gastgeber:in",https://www.airbnb.ch/rooms/24621835?search_mode=regular_search&adults=1&category_tag=Tag%3A8678&check_in=2025-04-01&check_out=2025-04-06&children=0&infants=0&pets=0&photo_id=484971347&source_impression_id=p3_1742657497_P3t-iVp-zRQGi8bZ&previous_page_section_name=1000&federated_search_id=06e1c76d-974b-4907-a5fd-f52db839575b,2025-03-22 16:31:46
Zimmer in St. Gallen,Price not available,No rating,"Aufenthalt bei Erola
Aufenthalt bei Erola
9 Jahre Gastgeber:in
,
 · 9 Jahre Gastgeber:in",https://www.airbnb.ch/rooms/886949108154049153?search_mode=regular_search&adults=1&category_tag=Tag%3A8678&check_in=2025-04-15&check_out=2025-04-20&children=0&infants=0&pets=0&photo_id=1646720652&source_impression_id=p3_1742657497_P3qJNLbbptRcwUX0&previous_page_section_name=1000&federated_search_id=06e1c76d-974b-4907-a5fd-f52db839575b,2025-03-22 16:31:46
Wohnung in Sankt Gallen,Price not available,No rating,"Zentral gelegenes, sonniges Studio.",https://www.airbnb.ch/rooms/10914425?search_mode=regular_search&adults=1&check_in=2025-04-01&check_out=2025-04-06&children=0&infants=0&pets=0&source_impression_id=p3_1742657497_P33DZ6lsJWkpsSu-&previous_page_section_name=1000&federated_search_id=06e1c76d-974b-4907-a5fd-f52db839575b,2025-03-22 16:31:46
Wohnung in St. Gallen,Price not available,No rating,"2,5-Zimmer-Apartment mit kostenlosem Parkplatz.",https://www.airbnb.ch/rooms/1322403842311571170?search_mode=regular_search&adults=1&check_in=2025-10-03&check_out=2025-10-08&children=0&infants=0&pets=0&source_impression_id=p3_1742657497_P3A9mAqF5gtVbLKX&previous_page_section_name=1000&federated_search_id=06e1c76d-974b-4907-a5fd-f52db839575b,2025-03-22 16:31:46
Wohnung in St. Gallen,Price not available,No rating,St. Gallen zentral und gemütlich,https://www.airbnb.ch/rooms/25726270?search_mode=regular_search&adults=1&check_in=2025-04-01&check_out=2025-04-06&children=0&infants=0&pets=0&source_impression_id=p3_1742657510_P3bufDuG5dnwEmOu&previous_page_section_name=1000&federated_search_id=4795b7a1-c141-4f62-8050-8bdc1e76a941,2025-03-22 16:31:56
Wohnung in St. Gallen,Price not available,No rating,TouchBed | Budget-Studio,https://www.airbnb.ch/rooms/22469139?search_mode=regular_search&adults=1&check_in=2025-04-01&check_out=2025-04-06&children=0&infants=0&pets=0&source_impression_id=p3_1742657511_P3wADnmzP206Xx9m&previous_page_section_name=1000&federated_search_id=4795b7a1-c141-4f62-8050-8bdc1e76a941,2025-03-22 16:31:57
Zimmer in St. Gallen,Price not available,No rating,"Aufenthalt bei Susanne
Aufenthalt bei Susanne
7 Jahre Gastgeber:in
,
 · 7 Jahre Gastgeber:in",https://www.airbnb.ch/rooms/42784108?search_mode=regular_search&adults=1&category_tag=Tag%3A8678&check_in=2025-04-07&check_out=2025-04-12&children=0&infants=0&pets=0&photo_id=982754303&source_impression_id=p3_1742657511_P3gfnolNv5_QFsNA&previous_page_section_name=1000&federated_search_id=4795b7a1-c141-4f62-8050-8bdc1e76a941,2025-03-22 16:31:57
Wohnung in St. Gallen,Price not available,No rating,Gemütliche Wohnung,https://www.airbnb.ch/rooms/1258654575298959105?search_mode=regular_search&adults=1&check_in=2025-04-01&check_out=2025-04-06&children=0&infants=0&pets=0&source_impression_id=p3_1742657511_P3ubyOiqsQI5mPL9&previous_page_section_name=1000&federated_search_id=4795b7a1-c141-4f62-8050-8bdc1e76a941,2025-03-22 16:31:57
Wohnung in St. Gallen,Price not available,No rating,"St.Gallen zentral, ruhig, bei Badeweihern und Wald",https://www.airbnb.ch/rooms/41971258?search_mode=regular_search&adults=1&check_in=2025-04-02&check_out=2025-04-07&children=0&infants=0&pets=0&source_impression_id=p3_1742657511_P3J1JlSsETzfiL97&previous_page_section_name=1000&federated_search_id=4795b7a1-c141-4f62-8050-8bdc1e76a941,2025-03-22 16:31:57
Wohnung in St. Gallen,Price not available,No rating,Charmante Altbauwohnung ruhig und doch zentral,https://www.airbnb.ch/rooms/1002032650200924193?search_mode=regular_search&adults=1&check_in=2025-04-01&check_out=2025-04-06&children=0&infants=0&pets=0&source_impression_id=p3_1742657511_P3sRFN_znYigdXlQ&previous_page_section_name=1000&federated_search_id=4795b7a1-c141-4f62-8050-8bdc1e76a941,2025-03-22 16:31:57
Wohnung in St. Gallen,Price not available,No rating,Gemütliches Studio im Hotelstyle,https://www.airbnb.ch/rooms/1271492765511551149?search_mode=regular_search&adults=1&check_in=2025-04-01&check_out=2025-04-06&children=0&infants=0&pets=0&source_impression_id=p3_1742657511_P3TveY1El_QF8AWx&previous_page_section_name=1000&federated_search_id=4795b7a1-c141-4f62-8050-8bdc1e76a941,2025-03-22 16:31:57
Zimmer in St. Gallen,Price not available,No rating,"Aufenthalt bei Erola
Aufenthalt bei Erola
9 Jahre Gastgeber:in
,
 · 9 Jahre Gastgeber:in",https://www.airbnb.ch/rooms/886956306594218127?search_mode=regular_search&adults=1&category_tag=Tag%3A8678&check_in=2025-04-01&check_out=2025-04-06&children=0&infants=0&pets=0&photo_id=1646729598&source_impression_id=p3_1742657511_P3fqUxaXYP1H359W&previous_page_section_name=1000&federated_search_id=4795b7a1-c141-4f62-8050-8bdc1e76a941,2025-03-22 16:31:57
Unterkunft in St. Gallen,Price not available,No rating,"YELLOW INN 7 nähe Uni, Olma, Spital, FHS",https://www.airbnb.ch/rooms/31036410?search_mode=regular_search&adults=1&check_in=2025-04-02&check_out=2025-04-07&children=0&infants=0&pets=0&source_impression_id=p3_1742657511_P3M0QG4tZSTatXT3&previous_page_section_name=1000&federated_search_id=4795b7a1-c141-4f62-8050-8bdc1e76a941,2025-03-22 16:31:57
Unterkunft in St. Gallen,Price not available,No rating,TouchBed | Budget Doppelzimmer,https://www.airbnb.ch/rooms/22112589?search_mode=regular_search&adults=1&check_in=2025-04-01&check_out=2025-04-06&children=0&infants=0&pets=0&source_impression_id=p3_1742657511_P3rSxBP4_fUI4_jQ&previous_page_section_name=1000&federated_search_id=4795b7a1-c141-4f62-8050-8bdc1e76a941,2025-03-22 16:31:57
Zimmer in Sankt Gallen,Price not available,No rating,"Aufenthalt bei Felix
Aufenthalt bei Felix
8 Jahre Gastgeber:in
,
 · 8 Jahre Gastgeber:in",https://www.airbnb.ch/rooms/20937274?search_mode=regular_search&adults=1&category_tag=Tag%3A8678&check_in=2025-04-04&check_out=2025-04-09&children=0&infants=0&pets=0&photo_id=372810159&source_impression_id=p3_1742657511_P3EFxWa7TvbZJvx-&previous_page_section_name=1000&federated_search_id=4795b7a1-c141-4f62-8050-8bdc1e76a941,2025-03-22 16:31:57
Wohnung in St. Gallen,Price not available,No rating,1 Zimmerwohnung ohne Küche mitten im Zentrum,https://www.airbnb.ch/rooms/1115968720346511055?search_mode=regular_search&adults=1&check_in=2025-04-11&check_out=2025-04-16&children=0&infants=0&pets=0&source_impression_id=p3_1742657511_P3siwZPgeiPz8Ejq&previous_page_section_name=1000&federated_search_id=4795b7a1-c141-4f62-8050-8bdc1e76a941,2025-03-22 16:31:57
Wohnung in St. Gallen,Price not available,No rating,"Nachhaltig Wohnen im 1. Stock, gratis Parkplatz!",https://www.airbnb.ch/rooms/631007400205214375?search_mode=regular_search&adults=1&check_in=2025-04-04&check_out=2025-04-09&children=0&infants=0&pets=0&source_impression_id=p3_1742657511_P3dBz56TgfVT8Iuv&previous_page_section_name=1000&federated_search_id=4795b7a1-c141-4f62-8050-8bdc1e76a941,2025-03-22 16:31:57
Zimmer in Engelburg,Price not available,No rating,"Aufenthalt bei Sabrina
Aufenthalt bei Sabrina
5 Jahre Gastgeber:in
,
 · 5 Jahre Gastgeber:in",https://www.airbnb.ch/rooms/44186446?search_mode=regular_search&adults=1&category_tag=Tag%3A8678&check_in=2025-04-01&check_out=2025-04-06&children=0&infants=0&pets=0&photo_id=1037305286&source_impression_id=p3_1742657511_P3zblNIlEA2SXPja&previous_page_section_name=1000&federated_search_id=4795b7a1-c141-4f62-8050-8bdc1e76a941,2025-03-22 16:31:58
Zimmer in St. Gallen,Price not available,No rating,"Aufenthalt bei Gabrielle
Aufenthalt bei Gabrielle
7 Jahre Gastgeber:in
,
 · 7 Jahre Gastgeber:in",https://www.airbnb.ch/rooms/24621835?search_mode=regular_search&adults=1&category_tag=Tag%3A8678&check_in=2025-04-01&check_out=2025-04-06&children=0&infants=0&pets=0&photo_id=484971347&source_impression_id=p3_1742657511_P3t0Em0er-XdEoC7&previous_page_section_name=1000&federated_search_id=4795b7a1-c141-4f62-8050-8bdc1e76a941,2025-03-22 16:31:58
Zimmer in St. Gallen,Price not available,No rating,"Aufenthalt bei Erola
Aufenthalt bei Erola
9 Jahre Gastgeber:in
,
 · 9 Jahre Gastgeber:in",https://www.airbnb.ch/rooms/886949108154049153?search_mode=regular_search&adults=1&category_tag=Tag%3A8678&check_in=2025-04-15&check_out=2025-04-20&children=0&infants=0&pets=0&photo_id=1646720652&source_impression_id=p3_1742657511_P3NBEByjOarnZ44L&previous_page_section_name=1000&federated_search_id=4795b7a1-c141-4f62-8050-8bdc1e76a941,2025-03-22 16:31:58
Wohnung in Sankt Gallen,Price not available,No rating,"Zentral gelegenes, sonniges Studio.",https://www.airbnb.ch/rooms/10914425?search_mode=regular_search&adults=1&check_in=2025-04-01&check_out=2025-04-06&children=0&infants=0&pets=0&source_impression_id=p3_1742657511_P3mZrHzMNHPzADt1&previous_page_section_name=1000&federated_search_id=4795b7a1-c141-4f62-8050-8bdc1e76a941,2025-03-22 16:31:58
Wohnung in St. Gallen,Price not available,No rating,"2,5-Zimmer-Apartment mit kostenlosem Parkplatz.",https://www.airbnb.ch/rooms/1322403842311571170?search_mode=regular_search&adults=1&check_in=2025-10-03&check_out=2025-10-08&children=0&infants=0&pets=0&source_impression_id=p3_1742657511_P3sr6LGifQ5JR5u7&previous_page_section_name=1000&federated_search_id=4795b7a1-c141-4f62-8050-8bdc1e76a941,2025-03-22 16:31:58
Wohnung in St. Gallen,Price not available,No rating,St. Gallen zentral und gemütlich,https://www.airbnb.ch/rooms/25726270?search_mode=regular_search&adults=1&check_in=2025-04-01&check_out=2025-04-06&children=0&infants=0&pets=0&source_impression_id=p3_1742657510_P3bufDuG5dnwEmOu&previous_page_section_name=1000&federated_search_id=4795b7a1-c141-4f62-8050-8bdc1e76a941,2025-03-22 16:31:58
Wohnung in St. Gallen,Price not available,No rating,TouchBed | Budget-Studio,https://www.airbnb.ch/rooms/22469139?search_mode=regular_search&adults=1&check_in=2025-04-01&check_out=2025-04-06&children=0&infants=0&pets=0&source_impression_id=p3_1742657511_P3wADnmzP206Xx9m&previous_page_section_name=1000&federated_search_id=4795b7a1-c141-4f62-8050-8bdc1e76a941,2025-03-22 16:31:58
Zimmer in St. Gallen,Price not available,No rating,"Aufenthalt bei Susanne
Aufenthalt bei Susanne
7 Jahre Gastgeber:in
,
 · 7 Jahre Gastgeber:in",https://www.airbnb.ch/rooms/42784108?search_mode=regular_search&adults=1&category_tag=Tag%3A8678&check_in=2025-04-07&check_out=2025-04-12&children=0&infants=0&pets=0&photo_id=982754303&source_impression_id=p3_1742657511_P3gfnolNv5_QFsNA&previous_page_section_name=1000&federated_search_id=4795b7a1-c141-4f62-8050-8bdc1e76a941,2025-03-22 16:31:58
Wohnung in St. Gallen,Price not available,No rating,Gemütliche Wohnung,https://www.airbnb.ch/rooms/1258654575298959105?search_mode=regular_search&adults=1&check_in=2025-04-01&check_out=2025-04-06&children=0&infants=0&pets=0&source_impression_id=p3_1742657511_P3ubyOiqsQI5mPL9&previous_page_section_name=1000&federated_search_id=4795b7a1-c141-4f62-8050-8bdc1e76a941,2025-03-22 16:31:58
Wohnung in St. Gallen,Price not available,No rating,"St.Gallen zentral, ruhig, bei Badeweihern und Wald",https://www.airbnb.ch/rooms/41971258?search_mode=regular_search&adults=1&check_in=2025-04-02&check_out=2025-04-07&children=0&infants=0&pets=0&source_impression_id=p3_1742657511_P3J1JlSsETzfiL97&previous_page_section_name=1000&federated_search_id=4795b7a1-c141-4f62-8050-8bdc1e76a941,2025-03-22 16:31:58
Wohnung in St. Gallen,Price not available,No rating,Charmante Altbauwohnung ruhig und doch zentral,https://www.airbnb.ch/rooms/1002032650200924193?search_mode=regular_search&adults=1&check_in=2025-04-01&check_out=2025-04-06&children=0&infants=0&pets=0&source_impression_id=p3_1742657511_P3sRFN_znYigdXlQ&previous_page_section_name=1000&federated_search_id=4795b7a1-c141-4f62-8050-8bdc1e76a941,2025-03-22 16:31:58
Wohnung in St. Gallen,Price not available,No rating,Gemütliches Studio im Hotelstyle,https://www.airbnb.ch/rooms/1271492765511551149?search_mode=regular_search&adults=1&check_in=2025-04-01&check_out=2025-04-06&children=0&infants=0&pets=0&source_impression_id=p3_1742657511_P3TveY1El_QF8AWx&previous_page_section_name=1000&federated_search_id=4795b7a1-c141-4f62-8050-8bdc1e76a941,2025-03-22 16:31:58
Zimmer in St. Gallen,Price not available,No rating,"Aufenthalt bei Erola
Aufenthalt bei Erola
9 Jahre Gastgeber:in
,
 · 9 Jahre Gastgeber:in",https://www.airbnb.ch/rooms/886956306594218127?search_mode=regular_search&adults=1&category_tag=Tag%3A8678&check_in=2025-04-01&check_out=2025-04-06&children=0&infants=0&pets=0&photo_id=1646729598&source_impression_id=p3_1742657511_P3fqUxaXYP1H359W&previous_page_section_name=1000&federated_search_id=4795b7a1-c141-4f62-8050-8bdc1e76a941,2025-03-22 16:31:58
Unterkunft in St. Gallen,Price not available,No rating,"YELLOW INN 7 nähe Uni, Olma, Spital, FHS",https://www.airbnb.ch/rooms/31036410?search_mode=regular_search&adults=1&check_in=2025-04-02&check_out=2025-04-07&children=0&infants=0&pets=0&source_impression_id=p3_1742657511_P3M0QG4tZSTatXT3&previous_page_section_name=1000&federated_search_id=4795b7a1-c141-4f62-8050-8bdc1e76a941,2025-03-22 16:31:58
Unterkunft in St. Gallen,Price not available,No rating,TouchBed | Budget Doppelzimmer,https://www.airbnb.ch/rooms/22112589?search_mode=regular_search&adults=1&check_in=2025-04-01&check_out=2025-04-06&children=0&infants=0&pets=0&source_impression_id=p3_1742657511_P3rSxBP4_fUI4_jQ&previous_page_section_name=1000&federated_search_id=4795b7a1-c141-4f62-8050-8bdc1e76a941,2025-03-22 16:31:58
Zimmer in Sankt Gallen,Price not available,No rating,"Aufenthalt bei Felix
Aufenthalt bei Felix
8 Jahre Gastgeber:in
,
 · 8 Jahre Gastgeber:in",https://www.airbnb.ch/rooms/20937274?search_mode=regular_search&adults=1&category_tag=Tag%3A8678&check_in=2025-04-04&check_out=2025-04-09&children=0&infants=0&pets=0&photo_id=372810159&source_impression_id=p3_1742657511_P3EFxWa7TvbZJvx-&previous_page_section_name=1000&federated_search_id=4795b7a1-c141-4f62-8050-8bdc1e76a941,2025-03-22 16:31:59
Wohnung in St. Gallen,Price not available,No rating,1 Zimmerwohnung ohne Küche mitten im Zentrum,https://www.airbnb.ch/rooms/1115968720346511055?search_mode=regular_search&adults=1&check_in=2025-04-11&check_out=2025-04-16&children=0&infants=0&pets=0&source_impression_id=p3_1742657511_P3siwZPgeiPz8Ejq&previous_page_section_name=1000&federated_search_id=4795b7a1-c141-4f62-8050-8bdc1e76a941,2025-03-22 16:31:59
Wohnung in St. Gallen,Price not available,No rating,"Nachhaltig Wohnen im 1. Stock, gratis Parkplatz!",https://www.airbnb.ch/rooms/631007400205214375?search_mode=regular_search&adults=1&check_in=2025-04-04&check_out=2025-04-09&children=0&infants=0&pets=0&source_impression_id=p3_1742657511_P3dBz56TgfVT8Iuv&previous_page_section_name=1000&federated_search_id=4795b7a1-c141-4f62-8050-8bdc1e76a941,2025-03-22 16:31:59
Zimmer in Engelburg,Price not available,No rating,"Aufenthalt bei Sabrina
Aufenthalt bei Sabrina
5 Jahre Gastgeber:in
,
 · 5 Jahre Gastgeber:in",https://www.airbnb.ch/rooms/44186446?search_mode=regular_search&adults=1&category_tag=Tag%3A8678&check_in=2025-04-01&check_out=2025-04-06&children=0&infants=0&pets=0&photo_id=1037305286&source_impression_id=p3_1742657511_P3zblNIlEA2SXPja&previous_page_section_name=1000&federated_search_id=4795b7a1-c141-4f62-8050-8bdc1e76a941,2025-03-22 16:31:59
Zimmer in St. Gallen,Price not available,No rating,"Aufenthalt bei Gabrielle
Aufenthalt bei Gabrielle
7 Jahre Gastgeber:in
,
 · 7 Jahre Gastgeber:in",https://www.airbnb.ch/rooms/24621835?search_mode=regular_search&adults=1&category_tag=Tag%3A8678&check_in=2025-04-01&check_out=2025-04-06&children=0&infants=0&pets=0&photo_id=484971347&source_impression_id=p3_1742657511_P3t0Em0er-XdEoC7&previous_page_section_name=1000&federated_search_id=4795b7a1-c141-4f62-8050-8bdc1e76a941,2025-03-22 16:31:59
Zimmer in St. Gallen,Price not available,No rating,"Aufenthalt bei Erola
Aufenthalt bei Erola
9 Jahre Gastgeber:in
,
 · 9 Jahre Gastgeber:in",https://www.airbnb.ch/rooms/886949108154049153?search_mode=regular_search&adults=1&category_tag=Tag%3A8678&check_in=2025-04-15&check_out=2025-04-20&children=0&infants=0&pets=0&photo_id=1646720652&source_impression_id=p3_1742657511_P3NBEByjOarnZ44L&previous_page_section_name=1000&federated_search_id=4795b7a1-c141-4f62-8050-8bdc1e76a941,2025-03-22 16:31:59
Wohnung in Sankt Gallen,Price not available,No rating,"Zentral gelegenes, sonniges Studio.",https://www.airbnb.ch/rooms/10914425?search_mode=regular_search&adults=1&check_in=2025-04-01&check_out=2025-04-06&children=0&infants=0&pets=0&source_impression_id=p3_1742657511_P3mZrHzMNHPzADt1&previous_page_section_name=1000&federated_search_id=4795b7a1-c141-4f62-8050-8bdc1e76a941,2025-03-22 16:31:59
Wohnung in St. Gallen,Price not available,No rating,"2,5-Zimmer-Apartment mit kostenlosem Parkplatz.",https://www.airbnb.ch/rooms/1322403842311571170?search_mode=regular_search&adults=1&check_in=2025-10-03&check_out=2025-10-08&children=0&infants=0&pets=0&source_impression_id=p3_1742657511_P3sr6LGifQ5JR5u7&previous_page_section_name=1000&federated_search_id=4795b7a1-c141-4f62-8050-8bdc1e76a941,2025-03-22 16:31:59
Wohnung in St. Gallen,Price not available,No rating,St. Gallen zentral und gemütlich,https://www.airbnb.ch/rooms/25726270?search_mode=regular_search&adults=1&check_in=2025-04-01&check_out=2025-04-06&children=0&infants=0&pets=0&source_impression_id=p3_1742657523_P3vocru0je317ppv&previous_page_section_name=1000&federated_search_id=f6517d50-13ec-4741-bece-b35001481234,2025-03-22 16:32:10
Wohnung in St. Gallen,Price not available,No rating,TouchBed | Budget-Studio,https://www.airbnb.ch/rooms/22469139?search_mode=regular_search&adults=1&check_in=2025-04-01&check_out=2025-04-06&children=0&infants=0&pets=0&source_impression_id=p3_1742657524_P3ph5_XwQBnz8Gh2&previous_page_section_name=1000&federated_search_id=f6517d50-13ec-4741-bece-b35001481234,2025-03-22 16:32:10
Zimmer in St. Gallen,Price not available,No rating,"Aufenthalt bei Susanne
Aufenthalt bei Susanne
7 Jahre Gastgeber:in
,
 · 7 Jahre Gastgeber:in",https://www.airbnb.ch/rooms/42784108?search_mode=regular_search&adults=1&category_tag=Tag%3A8678&check_in=2025-04-07&check_out=2025-04-12&children=0&infants=0&pets=0&photo_id=982754303&source_impression_id=p3_1742657524_P3KHmg39ryUmtE77&previous_page_section_name=1000&federated_search_id=f6517d50-13ec-4741-bece-b35001481234,2025-03-22 16:32:10
Wohnung in St. Gallen,Price not available,No rating,Gemütliche Wohnung,https://www.airbnb.ch/rooms/1258654575298959105?search_mode=regular_search&adults=1&check_in=2025-04-01&check_out=2025-04-06&children=0&infants=0&pets=0&source_impression_id=p3_1742657524_P3UoxUk4c_ujINTU&previous_page_section_name=1000&federated_search_id=f6517d50-13ec-4741-bece-b35001481234,2025-03-22 16:32:10
Wohnung in St. Gallen,Price not available,No rating,"St.Gallen zentral, ruhig, bei Badeweihern und Wald",https://www.airbnb.ch/rooms/41971258?search_mode=regular_search&adults=1&check_in=2025-04-02&check_out=2025-04-07&children=0&infants=0&pets=0&source_impression_id=p3_1742657524_P38ljI5HYezv19qK&previous_page_section_name=1000&federated_search_id=f6517d50-13ec-4741-bece-b35001481234,2025-03-22 16:32:10
Wohnung in St. Gallen,Price not available,No rating,Charmante Altbauwohnung ruhig und doch zentral,https://www.airbnb.ch/rooms/1002032650200924193?search_mode=regular_search&adults=1&check_in=2025-04-01&check_out=2025-04-06&children=0&infants=0&pets=0&source_impression_id=p3_1742657524_P3Flsx15du0EzYBg&previous_page_section_name=1000&federated_search_id=f6517d50-13ec-4741-bece-b35001481234,2025-03-22 16:32:10
Wohnung in St. Gallen,Price not available,No rating,Gemütliches Studio im Hotelstyle,https://www.airbnb.ch/rooms/1271492765511551149?search_mode=regular_search&adults=1&check_in=2025-04-01&check_out=2025-04-06&children=0&infants=0&pets=0&source_impression_id=p3_1742657524_P3-Rqs2rbb4l4kxj&previous_page_section_name=1000&federated_search_id=f6517d50-13ec-4741-bece-b35001481234,2025-03-22 16:32:10
Zimmer in St. Gallen,Price not available,No rating,"Aufenthalt bei Erola
Aufenthalt bei Erola
9 Jahre Gastgeber:in
,
 · 9 Jahre Gastgeber:in",https://www.airbnb.ch/rooms/886956306594218127?search_mode=regular_search&adults=1&category_tag=Tag%3A8678&check_in=2025-04-01&check_out=2025-04-06&children=0&infants=0&pets=0&photo_id=1646729598&source_impression_id=p3_1742657524_P3R-62CXSqBxpiNJ&previous_page_section_name=1000&federated_search_id=f6517d50-13ec-4741-bece-b35001481234,2025-03-22 16:32:10
Unterkunft in St. Gallen,Price not available,No rating,"YELLOW INN 7 nähe Uni, Olma, Spital, FHS",https://www.airbnb.ch/rooms/31036410?search_mode=regular_search&adults=1&check_in=2025-04-02&check_out=2025-04-07&children=0&infants=0&pets=0&source_impression_id=p3_1742657524_P3Ij28lbuUUQnorr&previous_page_section_name=1000&federated_search_id=f6517d50-13ec-4741-bece-b35001481234,2025-03-22 16:32:10
Unterkunft in St. Gallen,Price not available,No rating,TouchBed | Budget Doppelzimmer,https://www.airbnb.ch/rooms/22112589?search_mode=regular_search&adults=1&check_in=2025-04-01&check_out=2025-04-06&children=0&infants=0&pets=0&source_impression_id=p3_1742657524_P3o_u7q8Mw1ndYno&previous_page_section_name=1000&federated_search_id=f6517d50-13ec-4741-bece-b35001481234,2025-03-22 16:32:10
Zimmer in Sankt Gallen,Price not available,No rating,"Aufenthalt bei Felix
Aufenthalt bei Felix
8 Jahre Gastgeber:in
,
 · 8 Jahre Gastgeber:in",https://www.airbnb.ch/rooms/20937274?search_mode=regular_search&adults=1&category_tag=Tag%3A8678&check_in=2025-04-04&check_out=2025-04-09&children=0&infants=0&pets=0&photo_id=372810159&source_impression_id=p3_1742657524_P3g3CbOZ_5t7UowN&previous_page_section_name=1000&federated_search_id=f6517d50-13ec-4741-bece-b35001481234,2025-03-22 16:32:10
Wohnung in St. Gallen,Price not available,No rating,1 Zimmerwohnung ohne Küche mitten im Zentrum,https://www.airbnb.ch/rooms/1115968720346511055?search_mode=regular_search&adults=1&check_in=2025-04-11&check_out=2025-04-16&children=0&infants=0&pets=0&source_impression_id=p3_1742657524_P30CxLAWocZ8jgwf&previous_page_section_name=1000&federated_search_id=f6517d50-13ec-4741-bece-b35001481234,2025-03-22 16:32:10
Wohnung in St. Gallen,Price not available,No rating,"Nachhaltig Wohnen im 1. Stock, gratis Parkplatz!",https://www.airbnb.ch/rooms/631007400205214375?search_mode=regular_search&adults=1&check_in=2025-04-04&check_out=2025-04-09&children=0&infants=0&pets=0&source_impression_id=p3_1742657524_P35B49gqQk3PrbtI&previous_page_section_name=1000&federated_search_id=f6517d50-13ec-4741-bece-b35001481234,2025-03-22 16:32:10
Zimmer in Engelburg,Price not available,No rating,"Aufenthalt bei Sabrina
Aufenthalt bei Sabrina
5 Jahre Gastgeber:in
,
 · 5 Jahre Gastgeber:in",https://www.airbnb.ch/rooms/44186446?search_mode=regular_search&adults=1&category_tag=Tag%3A8678&check_in=2025-04-01&check_out=2025-04-06&children=0&infants=0&pets=0&photo_id=1037305286&source_impression_id=p3_1742657524_P3HywFFSInBnl0u0&previous_page_section_name=1000&federated_search_id=f6517d50-13ec-4741-bece-b35001481234,2025-03-22 16:32:10
Zimmer in St. Gallen,Price not available,No rating,"Aufenthalt bei Gabrielle
Aufenthalt bei Gabrielle
7 Jahre Gastgeber:in
,
 · 7 Jahre Gastgeber:in",https://www.airbnb.ch/rooms/24621835?search_mode=regular_search&adults=1&category_tag=Tag%3A8678&check_in=2025-04-01&check_out=2025-04-06&children=0&infants=0&pets=0&photo_id=484971347&source_impression_id=p3_1742657524_P3m89a9zrRZpJXCb&previous_page_section_name=1000&federated_search_id=f6517d50-13ec-4741-bece-b35001481234,2025-03-22 16:32:11
Zimmer in St. Gallen,Price not available,No rating,"Aufenthalt bei Erola
Aufenthalt bei Erola
9 Jahre Gastgeber:in
,
 · 9 Jahre Gastgeber:in",https://www.airbnb.ch/rooms/886949108154049153?search_mode=regular_search&adults=1&category_tag=Tag%3A8678&check_in=2025-04-15&check_out=2025-04-20&children=0&infants=0&pets=0&photo_id=1646720652&source_impression_id=p3_1742657524_P37XO63P4OsIe3R4&previous_page_section_name=1000&federated_search_id=f6517d50-13ec-4741-bece-b35001481234,2025-03-22 16:32:11
Wohnung in Sankt Gallen,Price not available,No rating,"Zentral gelegenes, sonniges Studio.",https://www.airbnb.ch/rooms/10914425?search_mode=regular_search&adults=1&check_in=2025-04-01&check_out=2025-04-06&children=0&infants=0&pets=0&source_impression_id=p3_1742657524_P3NMvzhgV4u_O2Ek&previous_page_section_name=1000&federated_search_id=f6517d50-13ec-4741-bece-b35001481234,2025-03-22 16:32:11
Wohnung in St. Gallen,Price not available,No rating,"2,5-Zimmer-Apartment mit kostenlosem Parkplatz.",https://www.airbnb.ch/rooms/1322403842311571170?search_mode=regular_search&adults=1&check_in=2025-10-03&check_out=2025-10-08&children=0&infants=0&pets=0&source_impression_id=p3_1742657524_P32uHzz8RdKiGD6d&previous_page_section_name=1000&federated_search_id=f6517d50-13ec-4741-bece-b35001481234,2025-03-22 16:32:11
Wohnung in St. Gallen,Price not available,No rating,St. Gallen zentral und gemütlich,https://www.airbnb.ch/rooms/25726270?search_mode=regular_search&adults=1&check_in=2025-04-01&check_out=2025-04-06&children=0&infants=0&pets=0&source_impression_id=p3_1742657523_P3vocru0je317ppv&previous_page_section_name=1000&federated_search_id=f6517d50-13ec-4741-bece-b35001481234,2025-03-22 16:32:11
Wohnung in St. Gallen,Price not available,No rating,TouchBed | Budget-Studio,https://www.airbnb.ch/rooms/22469139?search_mode=regular_search&adults=1&check_in=2025-04-01&check_out=2025-04-06&children=0&infants=0&pets=0&source_impression_id=p3_1742657524_P3ph5_XwQBnz8Gh2&previous_page_section_name=1000&federated_search_id=f6517d50-13ec-4741-bece-b35001481234,2025-03-22 16:32:11
Zimmer in St. Gallen,Price not available,No rating,"Aufenthalt bei Susanne
Aufenthalt bei Susanne
7 Jahre Gastgeber:in
,
 · 7 Jahre Gastgeber:in",https://www.airbnb.ch/rooms/42784108?search_mode=regular_search&adults=1&category_tag=Tag%3A8678&check_in=2025-04-07&check_out=2025-04-12&children=0&infants=0&pets=0&photo_id=982754303&source_impression_id=p3_1742657524_P3KHmg39ryUmtE77&previous_page_section_name=1000&federated_search_id=f6517d50-13ec-4741-bece-b35001481234,2025-03-22 16:32:11
Wohnung in St. Gallen,Price not available,No rating,Gemütliche Wohnung,https://www.airbnb.ch/rooms/1258654575298959105?search_mode=regular_search&adults=1&check_in=2025-04-01&check_out=2025-04-06&children=0&infants=0&pets=0&source_impression_id=p3_1742657524_P3UoxUk4c_ujINTU&previous_page_section_name=1000&federated_search_id=f6517d50-13ec-4741-bece-b35001481234,2025-03-22 16:32:11
Wohnung in St. Gallen,Price not available,No rating,"St.Gallen zentral, ruhig, bei Badeweihern und Wald",https://www.airbnb.ch/rooms/41971258?search_mode=regular_search&adults=1&check_in=2025-04-02&check_out=2025-04-07&children=0&infants=0&pets=0&source_impression_id=p3_1742657524_P38ljI5HYezv19qK&previous_page_section_name=1000&federated_search_id=f6517d50-13ec-4741-bece-b35001481234,2025-03-22 16:32:11
Wohnung in St. Gallen,Price not available,No rating,Charmante Altbauwohnung ruhig und doch zentral,https://www.airbnb.ch/rooms/1002032650200924193?search_mode=regular_search&adults=1&check_in=2025-04-01&check_out=2025-04-06&children=0&infants=0&pets=0&source_impression_id=p3_1742657524_P3Flsx15du0EzYBg&previous_page_section_name=1000&federated_search_id=f6517d50-13ec-4741-bece-b35001481234,2025-03-22 16:32:11
Wohnung in St. Gallen,Price not available,No rating,Gemütliches Studio im Hotelstyle,https://www.airbnb.ch/rooms/1271492765511551149?search_mode=regular_search&adults=1&check_in=2025-04-01&check_out=2025-04-06&children=0&infants=0&pets=0&source_impression_id=p3_1742657524_P3-Rqs2rbb4l4kxj&previous_page_section_name=1000&federated_search_id=f6517d50-13ec-4741-bece-b35001481234,2025-03-22 16:32:11
Zimmer in St. Gallen,Price not available,No rating,"Aufenthalt bei Erola
Aufenthalt bei Erola
9 Jahre Gastgeber:in
,
 · 9 Jahre Gastgeber:in",https://www.airbnb.ch/rooms/886956306594218127?search_mode=regular_search&adults=1&category_tag=Tag%3A8678&check_in=2025-04-01&check_out=2025-04-06&children=0&infants=0&pets=0&photo_id=1646729598&source_impression_id=p3_1742657524_P3R-62CXSqBxpiNJ&previous_page_section_name=1000&federated_search_id=f6517d50-13ec-4741-bece-b35001481234,2025-03-22 16:32:11
Unterkunft in St. Gallen,Price not available,No rating,"YELLOW INN 7 nähe Uni, Olma, Spital, FHS",https://www.airbnb.ch/rooms/31036410?search_mode=regular_search&adults=1&check_in=2025-04-02&check_out=2025-04-07&children=0&infants=0&pets=0&source_impression_id=p3_1742657524_P3Ij28lbuUUQnorr&previous_page_section_name=1000&federated_search_id=f6517d50-13ec-4741-bece-b35001481234,2025-03-22 16:32:11
Unterkunft in St. Gallen,Price not available,No rating,TouchBed | Budget Doppelzimmer,https://www.airbnb.ch/rooms/22112589?search_mode=regular_search&adults=1&check_in=2025-04-01&check_out=2025-04-06&children=0&infants=0&pets=0&source_impression_id=p3_1742657524_P3o_u7q8Mw1ndYno&previous_page_section_name=1000&federated_search_id=f6517d50-13ec-4741-bece-b35001481234,2025-03-22 16:32:11
Zimmer in Sankt Gallen,Price not available,No rating,"Aufenthalt bei Felix
Aufenthalt bei Felix
8 Jahre Gastgeber:in
,
 · 8 Jahre Gastgeber:in",https://www.airbnb.ch/rooms/20937274?search_mode=regular_search&adults=1&category_tag=Tag%3A8678&check_in=2025-04-04&check_out=2025-04-09&children=0&infants=0&pets=0&photo_id=372810159&source_impression_id=p3_1742657524_P3g3CbOZ_5t7UowN&previous_page_section_name=1000&federated_search_id=f6517d50-13ec-4741-bece-b35001481234,2025-03-22 16:32:11
Wohnung in St. Gallen,Price not available,No rating,1 Zimmerwohnung ohne Küche mitten im Zentrum,https://www.airbnb.ch/rooms/1115968720346511055?search_mode=regular_search&adults=1&check_in=2025-04-11&check_out=2025-04-16&children=0&infants=0&pets=0&source_impression_id=p3_1742657524_P30CxLAWocZ8jgwf&previous_page_section_name=1000&federated_search_id=f6517d50-13ec-4741-bece-b35001481234,2025-03-22 16:32:12
Wohnung in St. Gallen,Price not available,No rating,"Nachhaltig Wohnen im 1. Stock, gratis Parkplatz!",https://www.airbnb.ch/rooms/631007400205214375?search_mode=regular_search&adults=1&check_in=2025-04-04&check_out=2025-04-09&children=0&infants=0&pets=0&source_impression_id=p3_1742657524_P35B49gqQk3PrbtI&previous_page_section_name=1000&federated_search_id=f6517d50-13ec-4741-bece-b35001481234,2025-03-22 16:32:12
Zimmer in Engelburg,Price not available,No rating,"Aufenthalt bei Sabrina
Aufenthalt bei Sabrina
5 Jahre Gastgeber:in
,
 · 5 Jahre Gastgeber:in",https://www.airbnb.ch/rooms/44186446?search_mode=regular_search&adults=1&category_tag=Tag%3A8678&check_in=2025-04-01&check_out=2025-04-06&children=0&infants=0&pets=0&photo_id=1037305286&source_impression_id=p3_1742657524_P3HywFFSInBnl0u0&previous_page_section_name=1000&federated_search_id=f6517d50-13ec-4741-bece-b35001481234,2025-03-22 16:32:12
Zimmer in St. Gallen,Price not available,No rating,"Aufenthalt bei Gabrielle
Aufenthalt bei Gabrielle
7 Jahre Gastgeber:in
,
 · 7 Jahre Gastgeber:in",https://www.airbnb.ch/rooms/24621835?search_mode=regular_search&adults=1&category_tag=Tag%3A8678&check_in=2025-04-01&check_out=2025-04-06&children=0&infants=0&pets=0&photo_id=484971347&source_impression_id=p3_1742657524_P3m89a9zrRZpJXCb&previous_page_section_name=1000&federated_search_id=f6517d50-13ec-4741-bece-b35001481234,2025-03-22 16:32:12
Zimmer in St. Gallen,Price not available,No rating,"Aufenthalt bei Erola
Aufenthalt bei Erola
9 Jahre Gastgeber:in
,
 · 9 Jahre Gastgeber:in",https://www.airbnb.ch/rooms/886949108154049153?search_mode=regular_search&adults=1&category_tag=Tag%3A8678&check_in=2025-04-15&check_out=2025-04-20&children=0&infants=0&pets=0&photo_id=1646720652&source_impression_id=p3_1742657524_P37XO63P4OsIe3R4&previous_page_section_name=1000&federated_search_id=f6517d50-13ec-4741-bece-b35001481234,2025-03-22 16:32:12
Wohnung in Sankt Gallen,Price not available,No rating,"Zentral gelegenes, sonniges Studio.",https://www.airbnb.ch/rooms/10914425?search_mode=regular_search&adults=1&check_in=2025-04-01&check_out=2025-04-06&children=0&infants=0&pets=0&source_impression_id=p3_1742657524_P3NMvzhgV4u_O2Ek&previous_page_section_name=1000&federated_search_id=f6517d50-13ec-4741-bece-b35001481234,2025-03-22 16:32:12
Wohnung in St. Gallen,Price not available,No rating,"2,5-Zimmer-Apartment mit kostenlosem Parkplatz.",https://www.airbnb.ch/rooms/1322403842311571170?search_mode=regular_search&adults=1&check_in=2025-10-03&check_out=2025-10-08&children=0&infants=0&pets=0&source_impression_id=p3_1742657524_P32uHzz8RdKiGD6d&previous_page_section_name=1000&federated_search_id=f6517d50-13ec-4741-bece-b35001481234,2025-03-22 16:32:12
Wohnung in St. Gallen,Price not available,No rating,St. Gallen zentral und gemütlich,https://www.airbnb.ch/rooms/25726270?search_mode=regular_search&adults=1&check_in=2025-04-01&check_out=2025-04-06&children=0&infants=0&pets=0&source_impression_id=p3_1742657536_P3LWgALD5OXMpa7a&previous_page_section_name=1000&federated_search_id=efdc9082-c650-4003-8db8-4a05d807042d,2025-03-22 16:32:22
Wohnung in St. Gallen,Price not available,No rating,TouchBed | Budget-Studio,https://www.airbnb.ch/rooms/22469139?search_mode=regular_search&adults=1&check_in=2025-04-01&check_out=2025-04-06&children=0&infants=0&pets=0&source_impression_id=p3_1742657537_P3KNgyoP4cC-Ohm2&previous_page_section_name=1000&federated_search_id=efdc9082-c650-4003-8db8-4a05d807042d,2025-03-22 16:32:22
Zimmer in St. Gallen,Price not available,No rating,"Aufenthalt bei Susanne
Aufenthalt bei Susanne
7 Jahre Gastgeber:in
,
 · 7 Jahre Gastgeber:in",https://www.airbnb.ch/rooms/42784108?search_mode=regular_search&adults=1&category_tag=Tag%3A8678&check_in=2025-04-07&check_out=2025-04-12&children=0&infants=0&pets=0&photo_id=982754303&source_impression_id=p3_1742657537_P39bgElz5D0aEETn&previous_page_section_name=1000&federated_search_id=efdc9082-c650-4003-8db8-4a05d807042d,2025-03-22 16:32:23
Wohnung in St. Gallen,Price not available,No rating,Gemütliche Wohnung,https://www.airbnb.ch/rooms/1258654575298959105?search_mode=regular_search&adults=1&check_in=2025-04-01&check_out=2025-04-06&children=0&infants=0&pets=0&source_impression_id=p3_1742657537_P3kqOqFs_j9dsxuz&previous_page_section_name=1000&federated_search_id=efdc9082-c650-4003-8db8-4a05d807042d,2025-03-22 16:32:23
Wohnung in St. Gallen,Price not available,No rating,"St.Gallen zentral, ruhig, bei Badeweihern und Wald",https://www.airbnb.ch/rooms/41971258?search_mode=regular_search&adults=1&check_in=2025-04-02&check_out=2025-04-07&children=0&infants=0&pets=0&source_impression_id=p3_1742657537_P3oG10BIG6FjlPrH&previous_page_section_name=1000&federated_search_id=efdc9082-c650-4003-8db8-4a05d807042d,2025-03-22 16:32:23
Wohnung in St. Gallen,Price not available,No rating,Charmante Altbauwohnung ruhig und doch zentral,https://www.airbnb.ch/rooms/1002032650200924193?search_mode=regular_search&adults=1&check_in=2025-04-01&check_out=2025-04-06&children=0&infants=0&pets=0&source_impression_id=p3_1742657537_P3PnlGfqY3ZmKkwZ&previous_page_section_name=1000&federated_search_id=efdc9082-c650-4003-8db8-4a05d807042d,2025-03-22 16:32:23
Wohnung in St. Gallen,Price not available,No rating,Gemütliches Studio im Hotelstyle,https://www.airbnb.ch/rooms/1271492765511551149?search_mode=regular_search&adults=1&check_in=2025-04-01&check_out=2025-04-06&children=0&infants=0&pets=0&source_impression_id=p3_1742657537_P3N5jyQAiOaZ0PTc&previous_page_section_name=1000&federated_search_id=efdc9082-c650-4003-8db8-4a05d807042d,2025-03-22 16:32:23
Zimmer in St. Gallen,Price not available,No rating,"Aufenthalt bei Erola
Aufenthalt bei Erola
9 Jahre Gastgeber:in
,
 · 9 Jahre Gastgeber:in",https://www.airbnb.ch/rooms/886956306594218127?search_mode=regular_search&adults=1&category_tag=Tag%3A8678&check_in=2025-04-01&check_out=2025-04-06&children=0&infants=0&pets=0&photo_id=1646729598&source_impression_id=p3_1742657537_P37iCQY42WCgEeTD&previous_page_section_name=1000&federated_search_id=efdc9082-c650-4003-8db8-4a05d807042d,2025-03-22 16:32:23
Unterkunft in St. Gallen,Price not available,No rating,"YELLOW INN 7 nähe Uni, Olma, Spital, FHS",https://www.airbnb.ch/rooms/31036410?search_mode=regular_search&adults=1&check_in=2025-04-02&check_out=2025-04-07&children=0&infants=0&pets=0&source_impression_id=p3_1742657537_P3EuVtYGiRqV3glY&previous_page_section_name=1000&federated_search_id=efdc9082-c650-4003-8db8-4a05d807042d,2025-03-22 16:32:23
Unterkunft in St. Gallen,Price not available,No rating,TouchBed | Budget Doppelzimmer,https://www.airbnb.ch/rooms/22112589?search_mode=regular_search&adults=1&check_in=2025-04-01&check_out=2025-04-06&children=0&infants=0&pets=0&source_impression_id=p3_1742657537_P3BDTUWx9i7xrwan&previous_page_section_name=1000&federated_search_id=efdc9082-c650-4003-8db8-4a05d807042d,2025-03-22 16:32:23
Zimmer in Sankt Gallen,Price not available,No rating,"Aufenthalt bei Felix
Aufenthalt bei Felix
8 Jahre Gastgeber:in
,
 · 8 Jahre Gastgeber:in",https://www.airbnb.ch/rooms/20937274?search_mode=regular_search&adults=1&category_tag=Tag%3A8678&check_in=2025-04-04&check_out=2025-04-09&children=0&infants=0&pets=0&photo_id=372810159&source_impression_id=p3_1742657537_P3J8mRjWBhRrjwSW&previous_page_section_name=1000&federated_search_id=efdc9082-c650-4003-8db8-4a05d807042d,2025-03-22 16:32:23
Wohnung in St. Gallen,Price not available,No rating,1 Zimmerwohnung ohne Küche mitten im Zentrum,https://www.airbnb.ch/rooms/1115968720346511055?search_mode=regular_search&adults=1&check_in=2025-04-11&check_out=2025-04-16&children=0&infants=0&pets=0&source_impression_id=p3_1742657537_P3PnVeG8c_beZpvO&previous_page_section_name=1000&federated_search_id=efdc9082-c650-4003-8db8-4a05d807042d,2025-03-22 16:32:23
Wohnung in St. Gallen,Price not available,No rating,"Nachhaltig Wohnen im 1. Stock, gratis Parkplatz!",https://www.airbnb.ch/rooms/631007400205214375?search_mode=regular_search&adults=1&check_in=2025-04-04&check_out=2025-04-09&children=0&infants=0&pets=0&source_impression_id=p3_1742657537_P3Isvfz3GxMVfMS9&previous_page_section_name=1000&federated_search_id=efdc9082-c650-4003-8db8-4a05d807042d,2025-03-22 16:32:23
Zimmer in Engelburg,Price not available,No rating,"Aufenthalt bei Sabrina
Aufenthalt bei Sabrina
5 Jahre Gastgeber:in
,
 · 5 Jahre Gastgeber:in",https://www.airbnb.ch/rooms/44186446?search_mode=regular_search&adults=1&category_tag=Tag%3A8678&check_in=2025-04-01&check_out=2025-04-06&children=0&infants=0&pets=0&photo_id=1037305286&source_impression_id=p3_1742657537_P3K0abJ5wkWvjaJU&previous_page_section_name=1000&federated_search_id=efdc9082-c650-4003-8db8-4a05d807042d,2025-03-22 16:32:23
Zimmer in St. Gallen,Price not available,No rating,"Aufenthalt bei Gabrielle
Aufenthalt bei Gabrielle
7 Jahre Gastgeber:in
,
 · 7 Jahre Gastgeber:in",https://www.airbnb.ch/rooms/24621835?search_mode=regular_search&adults=1&category_tag=Tag%3A8678&check_in=2025-04-01&check_out=2025-04-06&children=0&infants=0&pets=0&photo_id=484971347&source_impression_id=p3_1742657537_P363MYjVjYBut5bk&previous_page_section_name=1000&federated_search_id=efdc9082-c650-4003-8db8-4a05d807042d,2025-03-22 16:32:23
Zimmer in St. Gallen,Price not available,No rating,"Aufenthalt bei Erola
Aufenthalt bei Erola
9 Jahre Gastgeber:in
,
 · 9 Jahre Gastgeber:in",https://www.airbnb.ch/rooms/886949108154049153?search_mode=regular_search&adults=1&category_tag=Tag%3A8678&check_in=2025-04-15&check_out=2025-04-20&children=0&infants=0&pets=0&photo_id=1646720652&source_impression_id=p3_1742657537_P3tnVOafbeBsToed&previous_page_section_name=1000&federated_search_id=efdc9082-c650-4003-8db8-4a05d807042d,2025-03-22 16:32:24
Wohnung in Sankt Gallen,Price not available,No rating,"Zentral gelegenes, sonniges Studio.",https://www.airbnb.ch/rooms/10914425?search_mode=regular_search&adults=1&check_in=2025-04-01&check_out=2025-04-06&children=0&infants=0&pets=0&source_impression_id=p3_1742657537_P3iEzRsBmOG5mdWH&previous_page_section_name=1000&federated_search_id=efdc9082-c650-4003-8db8-4a05d807042d,2025-03-22 16:32:24
Wohnung in St. Gallen,Price not available,No rating,"2,5-Zimmer-Apartment mit kostenlosem Parkplatz.",https://www.airbnb.ch/rooms/1322403842311571170?search_mode=regular_search&adults=1&check_in=2025-10-03&check_out=2025-10-08&children=0&infants=0&pets=0&source_impression_id=p3_1742657537_P3CP0zxHEKBvkf0i&previous_page_section_name=1000&federated_search_id=efdc9082-c650-4003-8db8-4a05d807042d,2025-03-22 16:32:24
Wohnung in St. Gallen,Price not available,No rating,St. Gallen zentral und gemütlich,https://www.airbnb.ch/rooms/25726270?search_mode=regular_search&adults=1&check_in=2025-04-01&check_out=2025-04-06&children=0&infants=0&pets=0&source_impression_id=p3_1742657536_P3LWgALD5OXMpa7a&previous_page_section_name=1000&federated_search_id=efdc9082-c650-4003-8db8-4a05d807042d,2025-03-22 16:32:24
Wohnung in St. Gallen,Price not available,No rating,TouchBed | Budget-Studio,https://www.airbnb.ch/rooms/22469139?search_mode=regular_search&adults=1&check_in=2025-04-01&check_out=2025-04-06&children=0&infants=0&pets=0&source_impression_id=p3_1742657537_P3KNgyoP4cC-Ohm2&previous_page_section_name=1000&federated_search_id=efdc9082-c650-4003-8db8-4a05d807042d,2025-03-22 16:32:24
Zimmer in St. Gallen,Price not available,No rating,"Aufenthalt bei Susanne
Aufenthalt bei Susanne
7 Jahre Gastgeber:in
,
 · 7 Jahre Gastgeber:in",https://www.airbnb.ch/rooms/42784108?search_mode=regular_search&adults=1&category_tag=Tag%3A8678&check_in=2025-04-07&check_out=2025-04-12&children=0&infants=0&pets=0&photo_id=982754303&source_impression_id=p3_1742657537_P39bgElz5D0aEETn&previous_page_section_name=1000&federated_search_id=efdc9082-c650-4003-8db8-4a05d807042d,2025-03-22 16:32:24
Wohnung in St. Gallen,Price not available,No rating,Gemütliche Wohnung,https://www.airbnb.ch/rooms/1258654575298959105?search_mode=regular_search&adults=1&check_in=2025-04-01&check_out=2025-04-06&children=0&infants=0&pets=0&source_impression_id=p3_1742657537_P3kqOqFs_j9dsxuz&previous_page_section_name=1000&federated_search_id=efdc9082-c650-4003-8db8-4a05d807042d,2025-03-22 16:32:24
Wohnung in St. Gallen,Price not available,No rating,"St.Gallen zentral, ruhig, bei Badeweihern und Wald",https://www.airbnb.ch/rooms/41971258?search_mode=regular_search&adults=1&check_in=2025-04-02&check_out=2025-04-07&children=0&infants=0&pets=0&source_impression_id=p3_1742657537_P3oG10BIG6FjlPrH&previous_page_section_name=1000&federated_search_id=efdc9082-c650-4003-8db8-4a05d807042d,2025-03-22 16:32:24
Wohnung in St. Gallen,Price not available,No rating,Charmante Altbauwohnung ruhig und doch zentral,https://www.airbnb.ch/rooms/1002032650200924193?search_mode=regular_search&adults=1&check_in=2025-04-01&check_out=2025-04-06&children=0&infants=0&pets=0&source_impression_id=p3_1742657537_P3PnlGfqY3ZmKkwZ&previous_page_section_name=1000&federated_search_id=efdc9082-c650-4003-8db8-4a05d807042d,2025-03-22 16:32:24
Wohnung in St. Gallen,Price not available,No rating,Gemütliches Studio im Hotelstyle,https://www.airbnb.ch/rooms/1271492765511551149?search_mode=regular_search&adults=1&check_in=2025-04-01&check_out=2025-04-06&children=0&infants=0&pets=0&source_impression_id=p3_1742657537_P3N5jyQAiOaZ0PTc&previous_page_section_name=1000&federated_search_id=efdc9082-c650-4003-8db8-4a05d807042d,2025-03-22 16:32:24
Zimmer in St. Gallen,Price not available,No rating,"Aufenthalt bei Erola
Aufenthalt bei Erola
9 Jahre Gastgeber:in
,
 · 9 Jahre Gastgeber:in",https://www.airbnb.ch/rooms/886956306594218127?search_mode=regular_search&adults=1&category_tag=Tag%3A8678&check_in=2025-04-01&check_out=2025-04-06&children=0&infants=0&pets=0&photo_id=1646729598&source_impression_id=p3_1742657537_P37iCQY42WCgEeTD&previous_page_section_name=1000&federated_search_id=efdc9082-c650-4003-8db8-4a05d807042d,2025-03-22 16:32:24
Unterkunft in St. Gallen,Price not available,No rating,"YELLOW INN 7 nähe Uni, Olma, Spital, FHS",https://www.airbnb.ch/rooms/31036410?search_mode=regular_search&adults=1&check_in=2025-04-02&check_out=2025-04-07&children=0&infants=0&pets=0&source_impression_id=p3_1742657537_P3EuVtYGiRqV3glY&previous_page_section_name=1000&federated_search_id=efdc9082-c650-4003-8db8-4a05d807042d,2025-03-22 16:32:24
Unterkunft in St. Gallen,Price not available,No rating,TouchBed | Budget Doppelzimmer,https://www.airbnb.ch/rooms/22112589?search_mode=regular_search&adults=1&check_in=2025-04-01&check_out=2025-04-06&children=0&infants=0&pets=0&source_impression_id=p3_1742657537_P3BDTUWx9i7xrwan&previous_page_section_name=1000&federated_search_id=efdc9082-c650-4003-8db8-4a05d807042d,2025-03-22 16:32:24
Zimmer in Sankt Gallen,Price not available,No rating,"Aufenthalt bei Felix
Aufenthalt bei Felix
8 Jahre Gastgeber:in
,
 · 8 Jahre Gastgeber:in",https://www.airbnb.ch/rooms/20937274?search_mode=regular_search&adults=1&category_tag=Tag%3A8678&check_in=2025-04-04&check_out=2025-04-09&children=0&infants=0&pets=0&photo_id=372810159&source_impression_id=p3_1742657537_P3J8mRjWBhRrjwSW&previous_page_section_name=1000&federated_search_id=efdc9082-c650-4003-8db8-4a05d807042d,2025-03-22 16:32:25
Wohnung in St. Gallen,Price not available,No rating,1 Zimmerwohnung ohne Küche mitten im Zentrum,https://www.airbnb.ch/rooms/1115968720346511055?search_mode=regular_search&adults=1&check_in=2025-04-11&check_out=2025-04-16&children=0&infants=0&pets=0&source_impression_id=p3_1742657537_P3PnVeG8c_beZpvO&previous_page_section_name=1000&federated_search_id=efdc9082-c650-4003-8db8-4a05d807042d,2025-03-22 16:32:25
Wohnung in St. Gallen,Price not available,No rating,"Nachhaltig Wohnen im 1. Stock, gratis Parkplatz!",https://www.airbnb.ch/rooms/631007400205214375?search_mode=regular_search&adults=1&check_in=2025-04-04&check_out=2025-04-09&children=0&infants=0&pets=0&source_impression_id=p3_1742657537_P3Isvfz3GxMVfMS9&previous_page_section_name=1000&federated_search_id=efdc9082-c650-4003-8db8-4a05d807042d,2025-03-22 16:32:25
Zimmer in Engelburg,Price not available,No rating,"Aufenthalt bei Sabrina
Aufenthalt bei Sabrina
5 Jahre Gastgeber:in
,
 · 5 Jahre Gastgeber:in",https://www.airbnb.ch/rooms/44186446?search_mode=regular_search&adults=1&category_tag=Tag%3A8678&check_in=2025-04-01&check_out=2025-04-06&children=0&infants=0&pets=0&photo_id=1037305286&source_impression_id=p3_1742657537_P3K0abJ5wkWvjaJU&previous_page_section_name=1000&federated_search_id=efdc9082-c650-4003-8db8-4a05d807042d,2025-03-22 16:32:25
Zimmer in St. Gallen,Price not available,No rating,"Aufenthalt bei Gabrielle
Aufenthalt bei Gabrielle
7 Jahre Gastgeber:in
,
 · 7 Jahre Gastgeber:in",https://www.airbnb.ch/rooms/24621835?search_mode=regular_search&adults=1&category_tag=Tag%3A8678&check_in=2025-04-01&check_out=2025-04-06&children=0&infants=0&pets=0&photo_id=484971347&source_impression_id=p3_1742657537_P363MYjVjYBut5bk&previous_page_section_name=1000&federated_search_id=efdc9082-c650-4003-8db8-4a05d807042d,2025-03-22 16:32:25
Zimmer in St. Gallen,Price not available,No rating,"Aufenthalt bei Erola
Aufenthalt bei Erola
9 Jahre Gastgeber:in
,
 · 9 Jahre Gastgeber:in",https://www.airbnb.ch/rooms/886949108154049153?search_mode=regular_search&adults=1&category_tag=Tag%3A8678&check_in=2025-04-15&check_out=2025-04-20&children=0&infants=0&pets=0&photo_id=1646720652&source_impression_id=p3_1742657537_P3tnVOafbeBsToed&previous_page_section_name=1000&federated_search_id=efdc9082-c650-4003-8db8-4a05d807042d,2025-03-22 16:32:25
Wohnung in Sankt Gallen,Price not available,No rating,"Zentral gelegenes, sonniges Studio.",https://www.airbnb.ch/rooms/10914425?search_mode=regular_search&adults=1&check_in=2025-04-01&check_out=2025-04-06&children=0&infants=0&pets=0&source_impression_id=p3_1742657537_P3iEzRsBmOG5mdWH&previous_page_section_name=1000&federated_search_id=efdc9082-c650-4003-8db8-4a05d807042d,2025-03-22 16:32:25
Wohnung in St. Gallen,Price not available,No rating,"2,5-Zimmer-Apartment mit kostenlosem Parkplatz.",https://www.airbnb.ch/rooms/1322403842311571170?search_mode=regular_search&adults=1&check_in=2025-10-03&check_out=2025-10-08&children=0&infants=0&pets=0&source_impression_id=p3_1742657537_P3CP0zxHEKBvkf0i&previous_page_section_name=1000&federated_search_id=efdc9082-c650-4003-8db8-4a05d807042d,2025-03-22 16:32:25
Wohnung in St. Gallen,Price not available,No rating,St. Gallen zentral und gemütlich,https://www.airbnb.ch/rooms/25726270?search_mode=regular_search&adults=1&check_in=2025-04-01&check_out=2025-04-06&children=0&infants=0&pets=0&source_impression_id=p3_1742657549_P3MA4FHqk07XL2up&previous_page_section_name=1000&federated_search_id=e0884593-766b-47ec-ae22-1a8c09ab8736,2025-03-22 16:32:36
Wohnung in St. Gallen,Price not available,No rating,TouchBed | Budget-Studio,https://www.airbnb.ch/rooms/22469139?search_mode=regular_search&adults=1&check_in=2025-04-01&check_out=2025-04-06&children=0&infants=0&pets=0&source_impression_id=p3_1742657550_P38QBIs57aZnHLar&previous_page_section_name=1000&federated_search_id=e0884593-766b-47ec-ae22-1a8c09ab8736,2025-03-22 16:32:36
Zimmer in St. Gallen,Price not available,No rating,"Aufenthalt bei Susanne
Aufenthalt bei Susanne
7 Jahre Gastgeber:in
,
 · 7 Jahre Gastgeber:in",https://www.airbnb.ch/rooms/42784108?search_mode=regular_search&adults=1&category_tag=Tag%3A8678&check_in=2025-04-07&check_out=2025-04-12&children=0&infants=0&pets=0&photo_id=982754303&source_impression_id=p3_1742657550_P3uyqOBjX1wxmOee&previous_page_section_name=1000&federated_search_id=e0884593-766b-47ec-ae22-1a8c09ab8736,2025-03-22 16:32:36
Wohnung in St. Gallen,Price not available,No rating,Gemütliche Wohnung,https://www.airbnb.ch/rooms/1258654575298959105?search_mode=regular_search&adults=1&check_in=2025-04-01&check_out=2025-04-06&children=0&infants=0&pets=0&source_impression_id=p3_1742657550_P3gabj-C2B-5WoN5&previous_page_section_name=1000&federated_search_id=e0884593-766b-47ec-ae22-1a8c09ab8736,2025-03-22 16:32:36
Wohnung in St. Gallen,Price not available,No rating,"St.Gallen zentral, ruhig, bei Badeweihern und Wald",https://www.airbnb.ch/rooms/41971258?search_mode=regular_search&adults=1&check_in=2025-04-02&check_out=2025-04-07&children=0&infants=0&pets=0&source_impression_id=p3_1742657550_P33HDwglDBFeANNi&previous_page_section_name=1000&federated_search_id=e0884593-766b-47ec-ae22-1a8c09ab8736,2025-03-22 16:32:36
Wohnung in St. Gallen,Price not available,No rating,Charmante Altbauwohnung ruhig und doch zentral,https://www.airbnb.ch/rooms/1002032650200924193?search_mode=regular_search&adults=1&check_in=2025-04-01&check_out=2025-04-06&children=0&infants=0&pets=0&source_impression_id=p3_1742657550_P3dYutTLT333Y-44&previous_page_section_name=1000&federated_search_id=e0884593-766b-47ec-ae22-1a8c09ab8736,2025-03-22 16:32:36
Wohnung in St. Gallen,Price not available,No rating,Gemütliches Studio im Hotelstyle,https://www.airbnb.ch/rooms/1271492765511551149?search_mode=regular_search&adults=1&check_in=2025-04-01&check_out=2025-04-06&children=0&infants=0&pets=0&source_impression_id=p3_1742657550_P3EiZ676mWg_qJFN&previous_page_section_name=1000&federated_search_id=e0884593-766b-47ec-ae22-1a8c09ab8736,2025-03-22 16:32:36
Zimmer in St. Gallen,Price not available,No rating,"Aufenthalt bei Erola
Aufenthalt bei Erola
9 Jahre Gastgeber:in
,
 · 9 Jahre Gastgeber:in",https://www.airbnb.ch/rooms/886956306594218127?search_mode=regular_search&adults=1&category_tag=Tag%3A8678&check_in=2025-04-01&check_out=2025-04-06&children=0&infants=0&pets=0&photo_id=1646729598&source_impression_id=p3_1742657550_P3JbGiUW43BLF1wE&previous_page_section_name=1000&federated_search_id=e0884593-766b-47ec-ae22-1a8c09ab8736,2025-03-22 16:32:36
Unterkunft in St. Gallen,Price not available,No rating,"YELLOW INN 7 nähe Uni, Olma, Spital, FHS",https://www.airbnb.ch/rooms/31036410?search_mode=regular_search&adults=1&check_in=2025-04-02&check_out=2025-04-07&children=0&infants=0&pets=0&source_impression_id=p3_1742657550_P3IPiv9-MktbNjd7&previous_page_section_name=1000&federated_search_id=e0884593-766b-47ec-ae22-1a8c09ab8736,2025-03-22 16:32:36
Unterkunft in St. Gallen,Price not available,No rating,TouchBed | Budget Doppelzimmer,https://www.airbnb.ch/rooms/22112589?search_mode=regular_search&adults=1&check_in=2025-04-01&check_out=2025-04-06&children=0&infants=0&pets=0&source_impression_id=p3_1742657550_P3Dal-CEJaVJLKL2&previous_page_section_name=1000&federated_search_id=e0884593-766b-47ec-ae22-1a8c09ab8736,2025-03-22 16:32:36
Zimmer in Sankt Gallen,Price not available,No rating,"Aufenthalt bei Felix
Aufenthalt bei Felix
8 Jahre Gastgeber:in
,
 · 8 Jahre Gastgeber:in",https://www.airbnb.ch/rooms/20937274?search_mode=regular_search&adults=1&category_tag=Tag%3A8678&check_in=2025-04-04&check_out=2025-04-09&children=0&infants=0&pets=0&photo_id=372810159&source_impression_id=p3_1742657550_P3-zufj6lTw8aPiU&previous_page_section_name=1000&federated_search_id=e0884593-766b-47ec-ae22-1a8c09ab8736,2025-03-22 16:32:36
Wohnung in St. Gallen,Price not available,No rating,1 Zimmerwohnung ohne Küche mitten im Zentrum,https://www.airbnb.ch/rooms/1115968720346511055?search_mode=regular_search&adults=1&check_in=2025-04-11&check_out=2025-04-16&children=0&infants=0&pets=0&source_impression_id=p3_1742657550_P3DZP4LtMaPKDD_f&previous_page_section_name=1000&federated_search_id=e0884593-766b-47ec-ae22-1a8c09ab8736,2025-03-22 16:32:36
Wohnung in St. Gallen,Price not available,No rating,"Nachhaltig Wohnen im 1. Stock, gratis Parkplatz!",https://www.airbnb.ch/rooms/631007400205214375?search_mode=regular_search&adults=1&check_in=2025-04-04&check_out=2025-04-09&children=0&infants=0&pets=0&source_impression_id=p3_1742657550_P3zls7H_zUwrQOT8&previous_page_section_name=1000&federated_search_id=e0884593-766b-47ec-ae22-1a8c09ab8736,2025-03-22 16:32:37
Zimmer in Engelburg,Price not available,No rating,"Aufenthalt bei Sabrina
Aufenthalt bei Sabrina
5 Jahre Gastgeber:in
,
 · 5 Jahre Gastgeber:in",https://www.airbnb.ch/rooms/44186446?search_mode=regular_search&adults=1&category_tag=Tag%3A8678&check_in=2025-04-01&check_out=2025-04-06&children=0&infants=0&pets=0&photo_id=1037305286&source_impression_id=p3_1742657550_P3RnGmJhliFcLpGG&previous_page_section_name=1000&federated_search_id=e0884593-766b-47ec-ae22-1a8c09ab8736,2025-03-22 16:32:37
Zimmer in St. Gallen,Price not available,No rating,"Aufenthalt bei Gabrielle
Aufenthalt bei Gabrielle
7 Jahre Gastgeber:in
,
 · 7 Jahre Gastgeber:in",https://www.airbnb.ch/rooms/24621835?search_mode=regular_search&adults=1&category_tag=Tag%3A8678&check_in=2025-04-01&check_out=2025-04-06&children=0&infants=0&pets=0&photo_id=484971347&source_impression_id=p3_1742657550_P3G2SeAqrCWBchVc&previous_page_section_name=1000&federated_search_id=e0884593-766b-47ec-ae22-1a8c09ab8736,2025-03-22 16:32:37
Zimmer in St. Gallen,Price not available,No rating,"Aufenthalt bei Erola
Aufenthalt bei Erola
9 Jahre Gastgeber:in
,
 · 9 Jahre Gastgeber:in",https://www.airbnb.ch/rooms/886949108154049153?search_mode=regular_search&adults=1&category_tag=Tag%3A8678&check_in=2025-04-15&check_out=2025-04-20&children=0&infants=0&pets=0&photo_id=1646720652&source_impression_id=p3_1742657550_P3S6PnD5NjWymkHl&previous_page_section_name=1000&federated_search_id=e0884593-766b-47ec-ae22-1a8c09ab8736,2025-03-22 16:32:37
Wohnung in Sankt Gallen,Price not available,No rating,"Zentral gelegenes, sonniges Studio.",https://www.airbnb.ch/rooms/10914425?search_mode=regular_search&adults=1&check_in=2025-04-01&check_out=2025-04-06&children=0&infants=0&pets=0&source_impression_id=p3_1742657550_P3YCFcIIoloRm6-c&previous_page_section_name=1000&federated_search_id=e0884593-766b-47ec-ae22-1a8c09ab8736,2025-03-22 16:32:37
Wohnung in St. Gallen,Price not available,No rating,"2,5-Zimmer-Apartment mit kostenlosem Parkplatz.",https://www.airbnb.ch/rooms/1322403842311571170?search_mode=regular_search&adults=1&check_in=2025-10-03&check_out=2025-10-08&children=0&infants=0&pets=0&source_impression_id=p3_1742657550_P3zGgSo3PdwHljnX&previous_page_section_name=1000&federated_search_id=e0884593-766b-47ec-ae22-1a8c09ab8736,2025-03-22 16:32:37
Wohnung in St. Gallen,Price not available,No rating,St. Gallen zentral und gemütlich,https://www.airbnb.ch/rooms/25726270?search_mode=regular_search&adults=1&check_in=2025-04-01&check_out=2025-04-06&children=0&infants=0&pets=0&source_impression_id=p3_1742657549_P3MA4FHqk07XL2up&previous_page_section_name=1000&federated_search_id=e0884593-766b-47ec-ae22-1a8c09ab8736,2025-03-22 16:32:37
Wohnung in St. Gallen,Price not available,No rating,TouchBed | Budget-Studio,https://www.airbnb.ch/rooms/22469139?search_mode=regular_search&adults=1&check_in=2025-04-01&check_out=2025-04-06&children=0&infants=0&pets=0&source_impression_id=p3_1742657550_P38QBIs57aZnHLar&previous_page_section_name=1000&federated_search_id=e0884593-766b-47ec-ae22-1a8c09ab8736,2025-03-22 16:32:37
Zimmer in St. Gallen,Price not available,No rating,"Aufenthalt bei Susanne
Aufenthalt bei Susanne
7 Jahre Gastgeber:in
,
 · 7 Jahre Gastgeber:in",https://www.airbnb.ch/rooms/42784108?search_mode=regular_search&adults=1&category_tag=Tag%3A8678&check_in=2025-04-07&check_out=2025-04-12&children=0&infants=0&pets=0&photo_id=982754303&source_impression_id=p3_1742657550_P3uyqOBjX1wxmOee&previous_page_section_name=1000&federated_search_id=e0884593-766b-47ec-ae22-1a8c09ab8736,2025-03-22 16:32:37
Wohnung in St. Gallen,Price not available,No rating,Gemütliche Wohnung,https://www.airbnb.ch/rooms/1258654575298959105?search_mode=regular_search&adults=1&check_in=2025-04-01&check_out=2025-04-06&children=0&infants=0&pets=0&source_impression_id=p3_1742657550_P3gabj-C2B-5WoN5&previous_page_section_name=1000&federated_search_id=e0884593-766b-47ec-ae22-1a8c09ab8736,2025-03-22 16:32:37
Wohnung in St. Gallen,Price not available,No rating,"St.Gallen zentral, ruhig, bei Badeweihern und Wald",https://www.airbnb.ch/rooms/41971258?search_mode=regular_search&adults=1&check_in=2025-04-02&check_out=2025-04-07&children=0&infants=0&pets=0&source_impression_id=p3_1742657550_P33HDwglDBFeANNi&previous_page_section_name=1000&federated_search_id=e0884593-766b-47ec-ae22-1a8c09ab8736,2025-03-22 16:32:37
Wohnung in St. Gallen,Price not available,No rating,Charmante Altbauwohnung ruhig und doch zentral,https://www.airbnb.ch/rooms/1002032650200924193?search_mode=regular_search&adults=1&check_in=2025-04-01&check_out=2025-04-06&children=0&infants=0&pets=0&source_impression_id=p3_1742657550_P3dYutTLT333Y-44&previous_page_section_name=1000&federated_search_id=e0884593-766b-47ec-ae22-1a8c09ab8736,2025-03-22 16:32:37
Wohnung in St. Gallen,Price not available,No rating,Gemütliches Studio im Hotelstyle,https://www.airbnb.ch/rooms/1271492765511551149?search_mode=regular_search&adults=1&check_in=2025-04-01&check_out=2025-04-06&children=0&infants=0&pets=0&source_impression_id=p3_1742657550_P3EiZ676mWg_qJFN&previous_page_section_name=1000&federated_search_id=e0884593-766b-47ec-ae22-1a8c09ab8736,2025-03-22 16:32:37
Zimmer in St. Gallen,Price not available,No rating,"Aufenthalt bei Erola
Aufenthalt bei Erola
9 Jahre Gastgeber:in
,
 · 9 Jahre Gastgeber:in",https://www.airbnb.ch/rooms/886956306594218127?search_mode=regular_search&adults=1&category_tag=Tag%3A8678&check_in=2025-04-01&check_out=2025-04-06&children=0&infants=0&pets=0&photo_id=1646729598&source_impression_id=p3_1742657550_P3JbGiUW43BLF1wE&previous_page_section_name=1000&federated_search_id=e0884593-766b-47ec-ae22-1a8c09ab8736,2025-03-22 16:32:37
Unterkunft in St. Gallen,Price not available,No rating,"YELLOW INN 7 nähe Uni, Olma, Spital, FHS",https://www.airbnb.ch/rooms/31036410?search_mode=regular_search&adults=1&check_in=2025-04-02&check_out=2025-04-07&children=0&infants=0&pets=0&source_impression_id=p3_1742657550_P3IPiv9-MktbNjd7&previous_page_section_name=1000&federated_search_id=e0884593-766b-47ec-ae22-1a8c09ab8736,2025-03-22 16:32:38
Unterkunft in St. Gallen,Price not available,No rating,TouchBed | Budget Doppelzimmer,https://www.airbnb.ch/rooms/22112589?search_mode=regular_search&adults=1&check_in=2025-04-01&check_out=2025-04-06&children=0&infants=0&pets=0&source_impression_id=p3_1742657550_P3Dal-CEJaVJLKL2&previous_page_section_name=1000&federated_search_id=e0884593-766b-47ec-ae22-1a8c09ab8736,2025-03-22 16:32:38
Zimmer in Sankt Gallen,Price not available,No rating,"Aufenthalt bei Felix
Aufenthalt bei Felix
8 Jahre Gastgeber:in
,
 · 8 Jahre Gastgeber:in",https://www.airbnb.ch/rooms/20937274?search_mode=regular_search&adults=1&category_tag=Tag%3A8678&check_in=2025-04-04&check_out=2025-04-09&children=0&infants=0&pets=0&photo_id=372810159&source_impression_id=p3_1742657550_P3-zufj6lTw8aPiU&previous_page_section_name=1000&federated_search_id=e0884593-766b-47ec-ae22-1a8c09ab8736,2025-03-22 16:32:38
Wohnung in St. Gallen,Price not available,No rating,1 Zimmerwohnung ohne Küche mitten im Zentrum,https://www.airbnb.ch/rooms/1115968720346511055?search_mode=regular_search&adults=1&check_in=2025-04-11&check_out=2025-04-16&children=0&infants=0&pets=0&source_impression_id=p3_1742657550_P3DZP4LtMaPKDD_f&previous_page_section_name=1000&federated_search_id=e0884593-766b-47ec-ae22-1a8c09ab8736,2025-03-22 16:32:38
Wohnung in St. Gallen,Price not available,No rating,"Nachhaltig Wohnen im 1. Stock, gratis Parkplatz!",https://www.airbnb.ch/rooms/631007400205214375?search_mode=regular_search&adults=1&check_in=2025-04-04&check_out=2025-04-09&children=0&infants=0&pets=0&source_impression_id=p3_1742657550_P3zls7H_zUwrQOT8&previous_page_section_name=1000&federated_search_id=e0884593-766b-47ec-ae22-1a8c09ab8736,2025-03-22 16:32:38
Zimmer in Engelburg,Price not available,No rating,"Aufenthalt bei Sabrina
Aufenthalt bei Sabrina
5 Jahre Gastgeber:in
,
 · 5 Jahre Gastgeber:in",https://www.airbnb.ch/rooms/44186446?search_mode=regular_search&adults=1&category_tag=Tag%3A8678&check_in=2025-04-01&check_out=2025-04-06&children=0&infants=0&pets=0&photo_id=1037305286&source_impression_id=p3_1742657550_P3RnGmJhliFcLpGG&previous_page_section_name=1000&federated_search_id=e0884593-766b-47ec-ae22-1a8c09ab8736,2025-03-22 16:32:38
Zimmer in St. Gallen,Price not available,No rating,"Aufenthalt bei Gabrielle
Aufenthalt bei Gabrielle
7 Jahre Gastgeber:in
,
 · 7 Jahre Gastgeber:in",https://www.airbnb.ch/rooms/24621835?search_mode=regular_search&adults=1&category_tag=Tag%3A8678&check_in=2025-04-01&check_out=2025-04-06&children=0&infants=0&pets=0&photo_id=484971347&source_impression_id=p3_1742657550_P3G2SeAqrCWBchVc&previous_page_section_name=1000&federated_search_id=e0884593-766b-47ec-ae22-1a8c09ab8736,2025-03-22 16:32:38
Zimmer in St. Gallen,Price not available,No rating,"Aufenthalt bei Erola
Aufenthalt bei Erola
9 Jahre Gastgeber:in
,
 · 9 Jahre Gastgeber:in",https://www.airbnb.ch/rooms/886949108154049153?search_mode=regular_search&adults=1&category_tag=Tag%3A8678&check_in=2025-04-15&check_out=2025-04-20&children=0&infants=0&pets=0&photo_id=1646720652&source_impression_id=p3_1742657550_P3S6PnD5NjWymkHl&previous_page_section_name=1000&federated_search_id=e0884593-766b-47ec-ae22-1a8c09ab8736,2025-03-22 16:32:38
Wohnung in Sankt Gallen,Price not available,No rating,"Zentral gelegenes, sonniges Studio.",https://www.airbnb.ch/rooms/10914425?search_mode=regular_search&adults=1&check_in=2025-04-01&check_out=2025-04-06&children=0&infants=0&pets=0&source_impression_id=p3_1742657550_P3YCFcIIoloRm6-c&previous_page_section_name=1000&federated_search_id=e0884593-766b-47ec-ae22-1a8c09ab8736,2025-03-22 16:32:38
Wohnung in St. Gallen,Price not available,No rating,"2,5-Zimmer-Apartment mit kostenlosem Parkplatz.",https://www.airbnb.ch/rooms/1322403842311571170?search_mode=regular_search&adults=1&check_in=2025-10-03&check_out=2025-10-08&children=0&infants=0&pets=0&source_impression_id=p3_1742657550_P3zGgSo3PdwHljnX&previous_page_section_name=1000&federated_search_id=e0884593-766b-47ec-ae22-1a8c09ab8736,2025-03-22 16:32:38
Wohnung in St. Gallen,Price not available,No rating,St. Gallen zentral und gemütlich,https://www.airbnb.ch/rooms/25726270?search_mode=regular_search&adults=1&check_in=2025-04-01&check_out=2025-04-06&children=0&infants=0&pets=0&source_impression_id=p3_1742657562_P3PE2GKansyu1NKZ&previous_page_section_name=1000&federated_search_id=9754d8a0-a447-44fc-b6df-2605f175aeca,2025-03-22 16:32:49
Wohnung in St. Gallen,Price not available,No rating,TouchBed | Budget-Studio,https://www.airbnb.ch/rooms/22469139?search_mode=regular_search&adults=1&check_in=2025-04-01&check_out=2025-04-06&children=0&infants=0&pets=0&source_impression_id=p3_1742657563_P3bszV4_6NjCHzA4&previous_page_section_name=1000&federated_search_id=9754d8a0-a447-44fc-b6df-2605f175aeca,2025-03-22 16:32:49
Zimmer in St. Gallen,Price not available,No rating,"Aufenthalt bei Susanne
Aufenthalt bei Susanne
7 Jahre Gastgeber:in
,
 · 7 Jahre Gastgeber:in",https://www.airbnb.ch/rooms/42784108?search_mode=regular_search&adults=1&category_tag=Tag%3A8678&check_in=2025-04-07&check_out=2025-04-12&children=0&infants=0&pets=0&photo_id=982754303&source_impression_id=p3_1742657563_P3HwK9RGFSYxVNVe&previous_page_section_name=1000&federated_search_id=9754d8a0-a447-44fc-b6df-2605f175aeca,2025-03-22 16:32:49
Wohnung in St. Gallen,Price not available,No rating,Gemütliche Wohnung,https://www.airbnb.ch/rooms/1258654575298959105?search_mode=regular_search&adults=1&check_in=2025-04-01&check_out=2025-04-06&children=0&infants=0&pets=0&source_impression_id=p3_1742657563_P3QOgHYvpgelhkuu&previous_page_section_name=1000&federated_search_id=9754d8a0-a447-44fc-b6df-2605f175aeca,2025-03-22 16:32:49
Wohnung in St. Gallen,Price not available,No rating,"St.Gallen zentral, ruhig, bei Badeweihern und Wald",https://www.airbnb.ch/rooms/41971258?search_mode=regular_search&adults=1&check_in=2025-04-02&check_out=2025-04-07&children=0&infants=0&pets=0&source_impression_id=p3_1742657563_P3wlflr3pV-7S0xL&previous_page_section_name=1000&federated_search_id=9754d8a0-a447-44fc-b6df-2605f175aeca,2025-03-22 16:32:49
Wohnung in St. Gallen,Price not available,No rating,Charmante Altbauwohnung ruhig und doch zentral,https://www.airbnb.ch/rooms/1002032650200924193?search_mode=regular_search&adults=1&check_in=2025-04-01&check_out=2025-04-06&children=0&infants=0&pets=0&source_impression_id=p3_1742657563_P3pPxFM13HrL60BX&previous_page_section_name=1000&federated_search_id=9754d8a0-a447-44fc-b6df-2605f175aeca,2025-03-22 16:32:49
Wohnung in St. Gallen,Price not available,No rating,Gemütliches Studio im Hotelstyle,https://www.airbnb.ch/rooms/1271492765511551149?search_mode=regular_search&adults=1&check_in=2025-04-01&check_out=2025-04-06&children=0&infants=0&pets=0&source_impression_id=p3_1742657563_P3qchNTk9yMHIImZ&previous_page_section_name=1000&federated_search_id=9754d8a0-a447-44fc-b6df-2605f175aeca,2025-03-22 16:32:49
Zimmer in St. Gallen,Price not available,No rating,"Aufenthalt bei Erola
Aufenthalt bei Erola
9 Jahre Gastgeber:in
,
 · 9 Jahre Gastgeber:in",https://www.airbnb.ch/rooms/886956306594218127?search_mode=regular_search&adults=1&category_tag=Tag%3A8678&check_in=2025-04-01&check_out=2025-04-06&children=0&infants=0&pets=0&photo_id=1646729598&source_impression_id=p3_1742657563_P3vbg157mloNW53c&previous_page_section_name=1000&federated_search_id=9754d8a0-a447-44fc-b6df-2605f175aeca,2025-03-22 16:32:50
Unterkunft in St. Gallen,Price not available,No rating,"YELLOW INN 7 nähe Uni, Olma, Spital, FHS",https://www.airbnb.ch/rooms/31036410?search_mode=regular_search&adults=1&check_in=2025-04-02&check_out=2025-04-07&children=0&infants=0&pets=0&source_impression_id=p3_1742657563_P3IMsdKcy4pxpZQm&previous_page_section_name=1000&federated_search_id=9754d8a0-a447-44fc-b6df-2605f175aeca,2025-03-22 16:32:50
Unterkunft in St. Gallen,Price not available,No rating,TouchBed | Budget Doppelzimmer,https://www.airbnb.ch/rooms/22112589?search_mode=regular_search&adults=1&check_in=2025-04-01&check_out=2025-04-06&children=0&infants=0&pets=0&source_impression_id=p3_1742657563_P30BnsPAtJlo2rNm&previous_page_section_name=1000&federated_search_id=9754d8a0-a447-44fc-b6df-2605f175aeca,2025-03-22 16:32:50
Zimmer in Sankt Gallen,Price not available,No rating,"Aufenthalt bei Felix
Aufenthalt bei Felix
8 Jahre Gastgeber:in
,
 · 8 Jahre Gastgeber:in",https://www.airbnb.ch/rooms/20937274?search_mode=regular_search&adults=1&category_tag=Tag%3A8678&check_in=2025-04-04&check_out=2025-04-09&children=0&infants=0&pets=0&photo_id=372810159&source_impression_id=p3_1742657563_P3eXr7Go8_T3ErI5&previous_page_section_name=1000&federated_search_id=9754d8a0-a447-44fc-b6df-2605f175aeca,2025-03-22 16:32:50
Wohnung in St. Gallen,Price not available,No rating,1 Zimmerwohnung ohne Küche mitten im Zentrum,https://www.airbnb.ch/rooms/1115968720346511055?search_mode=regular_search&adults=1&check_in=2025-04-11&check_out=2025-04-16&children=0&infants=0&pets=0&source_impression_id=p3_1742657563_P3q6Em_TqgFNfDqq&previous_page_section_name=1000&federated_search_id=9754d8a0-a447-44fc-b6df-2605f175aeca,2025-03-22 16:32:50
Wohnung in St. Gallen,Price not available,No rating,"Nachhaltig Wohnen im 1. Stock, gratis Parkplatz!",https://www.airbnb.ch/rooms/631007400205214375?search_mode=regular_search&adults=1&check_in=2025-04-04&check_out=2025-04-09&children=0&infants=0&pets=0&source_impression_id=p3_1742657563_P30T6S8OsxcnDmfv&previous_page_section_name=1000&federated_search_id=9754d8a0-a447-44fc-b6df-2605f175aeca,2025-03-22 16:32:50
Zimmer in Engelburg,Price not available,No rating,"Aufenthalt bei Sabrina
Aufenthalt bei Sabrina
5 Jahre Gastgeber:in
,
 · 5 Jahre Gastgeber:in",https://www.airbnb.ch/rooms/44186446?search_mode=regular_search&adults=1&category_tag=Tag%3A8678&check_in=2025-04-01&check_out=2025-04-06&children=0&infants=0&pets=0&photo_id=1037305286&source_impression_id=p3_1742657563_P3jfgt0tNj4Pc6Tm&previous_page_section_name=1000&federated_search_id=9754d8a0-a447-44fc-b6df-2605f175aeca,2025-03-22 16:32:50
Zimmer in St. Gallen,Price not available,No rating,"Aufenthalt bei Gabrielle
Aufenthalt bei Gabrielle
7 Jahre Gastgeber:in
,
 · 7 Jahre Gastgeber:in",https://www.airbnb.ch/rooms/24621835?search_mode=regular_search&adults=1&category_tag=Tag%3A8678&check_in=2025-04-01&check_out=2025-04-06&children=0&infants=0&pets=0&photo_id=484971347&source_impression_id=p3_1742657563_P3WsrAMUeeb5qFzs&previous_page_section_name=1000&federated_search_id=9754d8a0-a447-44fc-b6df-2605f175aeca,2025-03-22 16:32:50
Zimmer in St. Gallen,Price not available,No rating,"Aufenthalt bei Erola
Aufenthalt bei Erola
9 Jahre Gastgeber:in
,
 · 9 Jahre Gastgeber:in",https://www.airbnb.ch/rooms/886949108154049153?search_mode=regular_search&adults=1&category_tag=Tag%3A8678&check_in=2025-04-15&check_out=2025-04-20&children=0&infants=0&pets=0&photo_id=1646720652&source_impression_id=p3_1742657563_P3earGera42C64d6&previous_page_section_name=1000&federated_search_id=9754d8a0-a447-44fc-b6df-2605f175aeca,2025-03-22 16:32:50
Wohnung in Sankt Gallen,Price not available,No rating,"Zentral gelegenes, sonniges Studio.",https://www.airbnb.ch/rooms/10914425?search_mode=regular_search&adults=1&check_in=2025-04-01&check_out=2025-04-06&children=0&infants=0&pets=0&source_impression_id=p3_1742657563_P3x6ePSeGPJQEAjR&previous_page_section_name=1000&federated_search_id=9754d8a0-a447-44fc-b6df-2605f175aeca,2025-03-22 16:32:50
Wohnung in St. Gallen,Price not available,No rating,"2,5-Zimmer-Apartment mit kostenlosem Parkplatz.",https://www.airbnb.ch/rooms/1322403842311571170?search_mode=regular_search&adults=1&check_in=2025-10-03&check_out=2025-10-08&children=0&infants=0&pets=0&source_impression_id=p3_1742657563_P32_jImWj3uv8hW1&previous_page_section_name=1000&federated_search_id=9754d8a0-a447-44fc-b6df-2605f175aeca,2025-03-22 16:32:50
Wohnung in St. Gallen,Price not available,No rating,St. Gallen zentral und gemütlich,https://www.airbnb.ch/rooms/25726270?search_mode=regular_search&adults=1&check_in=2025-04-01&check_out=2025-04-06&children=0&infants=0&pets=0&source_impression_id=p3_1742657562_P3PE2GKansyu1NKZ&previous_page_section_name=1000&federated_search_id=9754d8a0-a447-44fc-b6df-2605f175aeca,2025-03-22 16:32:50
Wohnung in St. Gallen,Price not available,No rating,TouchBed | Budget-Studio,https://www.airbnb.ch/rooms/22469139?search_mode=regular_search&adults=1&check_in=2025-04-01&check_out=2025-04-06&children=0&infants=0&pets=0&source_impression_id=p3_1742657563_P3bszV4_6NjCHzA4&previous_page_section_name=1000&federated_search_id=9754d8a0-a447-44fc-b6df-2605f175aeca,2025-03-22 16:32:50
Zimmer in St. Gallen,Price not available,No rating,"Aufenthalt bei Susanne
Aufenthalt bei Susanne
7 Jahre Gastgeber:in
,
 · 7 Jahre Gastgeber:in",https://www.airbnb.ch/rooms/42784108?search_mode=regular_search&adults=1&category_tag=Tag%3A8678&check_in=2025-04-07&check_out=2025-04-12&children=0&infants=0&pets=0&photo_id=982754303&source_impression_id=p3_1742657563_P3HwK9RGFSYxVNVe&previous_page_section_name=1000&federated_search_id=9754d8a0-a447-44fc-b6df-2605f175aeca,2025-03-22 16:32:51
Wohnung in St. Gallen,Price not available,No rating,Gemütliche Wohnung,https://www.airbnb.ch/rooms/1258654575298959105?search_mode=regular_search&adults=1&check_in=2025-04-01&check_out=2025-04-06&children=0&infants=0&pets=0&source_impression_id=p3_1742657563_P3QOgHYvpgelhkuu&previous_page_section_name=1000&federated_search_id=9754d8a0-a447-44fc-b6df-2605f175aeca,2025-03-22 16:32:51
Wohnung in St. Gallen,Price not available,No rating,"St.Gallen zentral, ruhig, bei Badeweihern und Wald",https://www.airbnb.ch/rooms/41971258?search_mode=regular_search&adults=1&check_in=2025-04-02&check_out=2025-04-07&children=0&infants=0&pets=0&source_impression_id=p3_1742657563_P3wlflr3pV-7S0xL&previous_page_section_name=1000&federated_search_id=9754d8a0-a447-44fc-b6df-2605f175aeca,2025-03-22 16:32:51
Wohnung in St. Gallen,Price not available,No rating,Charmante Altbauwohnung ruhig und doch zentral,https://www.airbnb.ch/rooms/1002032650200924193?search_mode=regular_search&adults=1&check_in=2025-04-01&check_out=2025-04-06&children=0&infants=0&pets=0&source_impression_id=p3_1742657563_P3pPxFM13HrL60BX&previous_page_section_name=1000&federated_search_id=9754d8a0-a447-44fc-b6df-2605f175aeca,2025-03-22 16:32:51
Wohnung in St. Gallen,Price not available,No rating,Gemütliches Studio im Hotelstyle,https://www.airbnb.ch/rooms/1271492765511551149?search_mode=regular_search&adults=1&check_in=2025-04-01&check_out=2025-04-06&children=0&infants=0&pets=0&source_impression_id=p3_1742657563_P3qchNTk9yMHIImZ&previous_page_section_name=1000&federated_search_id=9754d8a0-a447-44fc-b6df-2605f175aeca,2025-03-22 16:32:51
Zimmer in St. Gallen,Price not available,No rating,"Aufenthalt bei Erola
Aufenthalt bei Erola
9 Jahre Gastgeber:in
,
 · 9 Jahre Gastgeber:in",https://www.airbnb.ch/rooms/886956306594218127?search_mode=regular_search&adults=1&category_tag=Tag%3A8678&check_in=2025-04-01&check_out=2025-04-06&children=0&infants=0&pets=0&photo_id=1646729598&source_impression_id=p3_1742657563_P3vbg157mloNW53c&previous_page_section_name=1000&federated_search_id=9754d8a0-a447-44fc-b6df-2605f175aeca,2025-03-22 16:32:51
Unterkunft in St. Gallen,Price not available,No rating,"YELLOW INN 7 nähe Uni, Olma, Spital, FHS",https://www.airbnb.ch/rooms/31036410?search_mode=regular_search&adults=1&check_in=2025-04-02&check_out=2025-04-07&children=0&infants=0&pets=0&source_impression_id=p3_1742657563_P3IMsdKcy4pxpZQm&previous_page_section_name=1000&federated_search_id=9754d8a0-a447-44fc-b6df-2605f175aeca,2025-03-22 16:32:51
Unterkunft in St. Gallen,Price not available,No rating,TouchBed | Budget Doppelzimmer,https://www.airbnb.ch/rooms/22112589?search_mode=regular_search&adults=1&check_in=2025-04-01&check_out=2025-04-06&children=0&infants=0&pets=0&source_impression_id=p3_1742657563_P30BnsPAtJlo2rNm&previous_page_section_name=1000&federated_search_id=9754d8a0-a447-44fc-b6df-2605f175aeca,2025-03-22 16:32:51
Zimmer in Sankt Gallen,Price not available,No rating,"Aufenthalt bei Felix
Aufenthalt bei Felix
8 Jahre Gastgeber:in
,
 · 8 Jahre Gastgeber:in",https://www.airbnb.ch/rooms/20937274?search_mode=regular_search&adults=1&category_tag=Tag%3A8678&check_in=2025-04-04&check_out=2025-04-09&children=0&infants=0&pets=0&photo_id=372810159&source_impression_id=p3_1742657563_P3eXr7Go8_T3ErI5&previous_page_section_name=1000&federated_search_id=9754d8a0-a447-44fc-b6df-2605f175aeca,2025-03-22 16:32:51
Wohnung in St. Gallen,Price not available,No rating,1 Zimmerwohnung ohne Küche mitten im Zentrum,https://www.airbnb.ch/rooms/1115968720346511055?search_mode=regular_search&adults=1&check_in=2025-04-11&check_out=2025-04-16&children=0&infants=0&pets=0&source_impression_id=p3_1742657563_P3q6Em_TqgFNfDqq&previous_page_section_name=1000&federated_search_id=9754d8a0-a447-44fc-b6df-2605f175aeca,2025-03-22 16:32:51
Wohnung in St. Gallen,Price not available,No rating,"Nachhaltig Wohnen im 1. Stock, gratis Parkplatz!",https://www.airbnb.ch/rooms/631007400205214375?search_mode=regular_search&adults=1&check_in=2025-04-04&check_out=2025-04-09&children=0&infants=0&pets=0&source_impression_id=p3_1742657563_P30T6S8OsxcnDmfv&previous_page_section_name=1000&federated_search_id=9754d8a0-a447-44fc-b6df-2605f175aeca,2025-03-22 16:32:51
Zimmer in Engelburg,Price not available,No rating,"Aufenthalt bei Sabrina
Aufenthalt bei Sabrina
5 Jahre Gastgeber:in
,
 · 5 Jahre Gastgeber:in",https://www.airbnb.ch/rooms/44186446?search_mode=regular_search&adults=1&category_tag=Tag%3A8678&check_in=2025-04-01&check_out=2025-04-06&children=0&infants=0&pets=0&photo_id=1037305286&source_impression_id=p3_1742657563_P3jfgt0tNj4Pc6Tm&previous_page_section_name=1000&federated_search_id=9754d8a0-a447-44fc-b6df-2605f175aeca,2025-03-22 16:32:51
Zimmer in St. Gallen,Price not available,No rating,"Aufenthalt bei Gabrielle
Aufenthalt bei Gabrielle
7 Jahre Gastgeber:in
,
 · 7 Jahre Gastgeber:in",https://www.airbnb.ch/rooms/24621835?search_mode=regular_search&adults=1&category_tag=Tag%3A8678&check_in=2025-04-01&check_out=2025-04-06&children=0&infants=0&pets=0&photo_id=484971347&source_impression_id=p3_1742657563_P3WsrAMUeeb5qFzs&previous_page_section_name=1000&federated_search_id=9754d8a0-a447-44fc-b6df-2605f175aeca,2025-03-22 16:32:51
Zimmer in St. Gallen,Price not available,No rating,"Aufenthalt bei Erola
Aufenthalt bei Erola
9 Jahre Gastgeber:in
,
 · 9 Jahre Gastgeber:in",https://www.airbnb.ch/rooms/886949108154049153?search_mode=regular_search&adults=1&category_tag=Tag%3A8678&check_in=2025-04-15&check_out=2025-04-20&children=0&infants=0&pets=0&photo_id=1646720652&source_impression_id=p3_1742657563_P3earGera42C64d6&previous_page_section_name=1000&federated_search_id=9754d8a0-a447-44fc-b6df-2605f175aeca,2025-03-22 16:32:51
Wohnung in Sankt Gallen,Price not available,No rating,"Zentral gelegenes, sonniges Studio.",https://www.airbnb.ch/rooms/10914425?search_mode=regular_search&adults=1&check_in=2025-04-01&check_out=2025-04-06&children=0&infants=0&pets=0&source_impression_id=p3_1742657563_P3x6ePSeGPJQEAjR&previous_page_section_name=1000&federated_search_id=9754d8a0-a447-44fc-b6df-2605f175aeca,2025-03-22 16:32:52
Wohnung in St. Gallen,Price not available,No rating,"2,5-Zimmer-Apartment mit kostenlosem Parkplatz.",https://www.airbnb.ch/rooms/1322403842311571170?search_mode=regular_search&adults=1&check_in=2025-10-03&check_out=2025-10-08&children=0&infants=0&pets=0&source_impression_id=p3_1742657563_P32_jImWj3uv8hW1&previous_page_section_name=1000&federated_search_id=9754d8a0-a447-44fc-b6df-2605f175aeca,2025-03-22 16:32:52
Wohnung in St. Gallen,Price not available,No rating,St. Gallen zentral und gemütlich,https://www.airbnb.ch/rooms/25726270?search_mode=regular_search&adults=1&check_in=2025-04-01&check_out=2025-04-06&children=0&infants=0&pets=0&source_impression_id=p3_1742657576_P3hr6N7D86aihrHf&previous_page_section_name=1000&federated_search_id=eb5ba7cf-06bd-420e-8392-7920fc821522,2025-03-22 16:33:02
Wohnung in St. Gallen,Price not available,No rating,TouchBed | Budget-Studio,https://www.airbnb.ch/rooms/22469139?search_mode=regular_search&adults=1&check_in=2025-04-01&check_out=2025-04-06&children=0&infants=0&pets=0&source_impression_id=p3_1742657576_P3KECHX8fZb97_Dv&previous_page_section_name=1000&federated_search_id=eb5ba7cf-06bd-420e-8392-7920fc821522,2025-03-22 16:33:02
Zimmer in St. Gallen,Price not available,No rating,"Aufenthalt bei Susanne
Aufenthalt bei Susanne
7 Jahre Gastgeber:in
,
 · 7 Jahre Gastgeber:in",https://www.airbnb.ch/rooms/42784108?search_mode=regular_search&adults=1&category_tag=Tag%3A8678&check_in=2025-04-07&check_out=2025-04-12&children=0&infants=0&pets=0&photo_id=982754303&source_impression_id=p3_1742657576_P3oM_E00FgWvvOYf&previous_page_section_name=1000&federated_search_id=eb5ba7cf-06bd-420e-8392-7920fc821522,2025-03-22 16:33:02
Wohnung in St. Gallen,Price not available,No rating,Gemütliche Wohnung,https://www.airbnb.ch/rooms/1258654575298959105?search_mode=regular_search&adults=1&check_in=2025-04-01&check_out=2025-04-06&children=0&infants=0&pets=0&source_impression_id=p3_1742657576_P3DfVQ3ulGFHwYz4&previous_page_section_name=1000&federated_search_id=eb5ba7cf-06bd-420e-8392-7920fc821522,2025-03-22 16:33:02
Wohnung in St. Gallen,Price not available,No rating,"St.Gallen zentral, ruhig, bei Badeweihern und Wald",https://www.airbnb.ch/rooms/41971258?search_mode=regular_search&adults=1&check_in=2025-04-02&check_out=2025-04-07&children=0&infants=0&pets=0&source_impression_id=p3_1742657576_P3weH5jvxNt7-Lbn&previous_page_section_name=1000&federated_search_id=eb5ba7cf-06bd-420e-8392-7920fc821522,2025-03-22 16:33:02
Wohnung in St. Gallen,Price not available,No rating,Charmante Altbauwohnung ruhig und doch zentral,https://www.airbnb.ch/rooms/1002032650200924193?search_mode=regular_search&adults=1&check_in=2025-04-01&check_out=2025-04-06&children=0&infants=0&pets=0&source_impression_id=p3_1742657576_P3829DfbHu4XOgzJ&previous_page_section_name=1000&federated_search_id=eb5ba7cf-06bd-420e-8392-7920fc821522,2025-03-22 16:33:02
Wohnung in St. Gallen,Price not available,No rating,Gemütliches Studio im Hotelstyle,https://www.airbnb.ch/rooms/1271492765511551149?search_mode=regular_search&adults=1&check_in=2025-04-01&check_out=2025-04-06&children=0&infants=0&pets=0&source_impression_id=p3_1742657576_P3tXpqxLyeUEXoO3&previous_page_section_name=1000&federated_search_id=eb5ba7cf-06bd-420e-8392-7920fc821522,2025-03-22 16:33:02
Zimmer in St. Gallen,Price not available,No rating,"Aufenthalt bei Erola
Aufenthalt bei Erola
9 Jahre Gastgeber:in
,
 · 9 Jahre Gastgeber:in",https://www.airbnb.ch/rooms/886956306594218127?search_mode=regular_search&adults=1&category_tag=Tag%3A8678&check_in=2025-04-01&check_out=2025-04-06&children=0&infants=0&pets=0&photo_id=1646729598&source_impression_id=p3_1742657576_P3vZheQuOYkRb-mF&previous_page_section_name=1000&federated_search_id=eb5ba7cf-06bd-420e-8392-7920fc821522,2025-03-22 16:33:03
Unterkunft in St. Gallen,Price not available,No rating,"YELLOW INN 7 nähe Uni, Olma, Spital, FHS",https://www.airbnb.ch/rooms/31036410?search_mode=regular_search&adults=1&check_in=2025-04-02&check_out=2025-04-07&children=0&infants=0&pets=0&source_impression_id=p3_1742657576_P3nVHmyGuXWCnQrD&previous_page_section_name=1000&federated_search_id=eb5ba7cf-06bd-420e-8392-7920fc821522,2025-03-22 16:33:03
Unterkunft in St. Gallen,Price not available,No rating,TouchBed | Budget Doppelzimmer,https://www.airbnb.ch/rooms/22112589?search_mode=regular_search&adults=1&check_in=2025-04-01&check_out=2025-04-06&children=0&infants=0&pets=0&source_impression_id=p3_1742657576_P3EXtE2cH8pjBj7t&previous_page_section_name=1000&federated_search_id=eb5ba7cf-06bd-420e-8392-7920fc821522,2025-03-22 16:33:03
Zimmer in Sankt Gallen,Price not available,No rating,"Aufenthalt bei Felix
Aufenthalt bei Felix
8 Jahre Gastgeber:in
,
 · 8 Jahre Gastgeber:in",https://www.airbnb.ch/rooms/20937274?search_mode=regular_search&adults=1&category_tag=Tag%3A8678&check_in=2025-04-04&check_out=2025-04-09&children=0&infants=0&pets=0&photo_id=372810159&source_impression_id=p3_1742657576_P3hWmX6Hg8MspY8t&previous_page_section_name=1000&federated_search_id=eb5ba7cf-06bd-420e-8392-7920fc821522,2025-03-22 16:33:03
Wohnung in St. Gallen,Price not available,No rating,1 Zimmerwohnung ohne Küche mitten im Zentrum,https://www.airbnb.ch/rooms/1115968720346511055?search_mode=regular_search&adults=1&check_in=2025-04-11&check_out=2025-04-16&children=0&infants=0&pets=0&source_impression_id=p3_1742657576_P3Mzlt6q8WPKdbvD&previous_page_section_name=1000&federated_search_id=eb5ba7cf-06bd-420e-8392-7920fc821522,2025-03-22 16:33:03
Wohnung in St. Gallen,Price not available,No rating,"Nachhaltig Wohnen im 1. Stock, gratis Parkplatz!",https://www.airbnb.ch/rooms/631007400205214375?search_mode=regular_search&adults=1&check_in=2025-04-04&check_out=2025-04-09&children=0&infants=0&pets=0&source_impression_id=p3_1742657576_P34CdfHKyS85BVAB&previous_page_section_name=1000&federated_search_id=eb5ba7cf-06bd-420e-8392-7920fc821522,2025-03-22 16:33:03
Zimmer in Engelburg,Price not available,No rating,"Aufenthalt bei Sabrina
Aufenthalt bei Sabrina
5 Jahre Gastgeber:in
,
 · 5 Jahre Gastgeber:in",https://www.airbnb.ch/rooms/44186446?search_mode=regular_search&adults=1&category_tag=Tag%3A8678&check_in=2025-04-01&check_out=2025-04-06&children=0&infants=0&pets=0&photo_id=1037305286&source_impression_id=p3_1742657576_P3rgT5G5iZmXZh74&previous_page_section_name=1000&federated_search_id=eb5ba7cf-06bd-420e-8392-7920fc821522,2025-03-22 16:33:03
Zimmer in St. Gallen,Price not available,No rating,"Aufenthalt bei Gabrielle
Aufenthalt bei Gabrielle
7 Jahre Gastgeber:in
,
 · 7 Jahre Gastgeber:in",https://www.airbnb.ch/rooms/24621835?search_mode=regular_search&adults=1&category_tag=Tag%3A8678&check_in=2025-04-01&check_out=2025-04-06&children=0&infants=0&pets=0&photo_id=484971347&source_impression_id=p3_1742657576_P383r9RApzj7w3CY&previous_page_section_name=1000&federated_search_id=eb5ba7cf-06bd-420e-8392-7920fc821522,2025-03-22 16:33:03
Zimmer in St. Gallen,Price not available,No rating,"Aufenthalt bei Erola
Aufenthalt bei Erola
9 Jahre Gastgeber:in
,
 · 9 Jahre Gastgeber:in",https://www.airbnb.ch/rooms/886949108154049153?search_mode=regular_search&adults=1&category_tag=Tag%3A8678&check_in=2025-04-15&check_out=2025-04-20&children=0&infants=0&pets=0&photo_id=1646720652&source_impression_id=p3_1742657576_P3m7QJX0VZoy9qXk&previous_page_section_name=1000&federated_search_id=eb5ba7cf-06bd-420e-8392-7920fc821522,2025-03-22 16:33:03
Wohnung in Sankt Gallen,Price not available,No rating,"Zentral gelegenes, sonniges Studio.",https://www.airbnb.ch/rooms/10914425?search_mode=regular_search&adults=1&check_in=2025-04-01&check_out=2025-04-06&children=0&infants=0&pets=0&source_impression_id=p3_1742657576_P3B3tALWgZvZCrfq&previous_page_section_name=1000&federated_search_id=eb5ba7cf-06bd-420e-8392-7920fc821522,2025-03-22 16:33:03
Wohnung in St. Gallen,Price not available,No rating,"2,5-Zimmer-Apartment mit kostenlosem Parkplatz.",https://www.airbnb.ch/rooms/1322403842311571170?search_mode=regular_search&adults=1&check_in=2025-10-03&check_out=2025-10-08&children=0&infants=0&pets=0&source_impression_id=p3_1742657576_P3kOgv6onUR_e5rA&previous_page_section_name=1000&federated_search_id=eb5ba7cf-06bd-420e-8392-7920fc821522,2025-03-22 16:33:03
Wohnung in St. Gallen,Price not available,No rating,St. Gallen zentral und gemütlich,https://www.airbnb.ch/rooms/25726270?search_mode=regular_search&adults=1&check_in=2025-04-01&check_out=2025-04-06&children=0&infants=0&pets=0&source_impression_id=p3_1742657576_P3hr6N7D86aihrHf&previous_page_section_name=1000&federated_search_id=eb5ba7cf-06bd-420e-8392-7920fc821522,2025-03-22 16:33:03
Wohnung in St. Gallen,Price not available,No rating,TouchBed | Budget-Studio,https://www.airbnb.ch/rooms/22469139?search_mode=regular_search&adults=1&check_in=2025-04-01&check_out=2025-04-06&children=0&infants=0&pets=0&source_impression_id=p3_1742657576_P3KECHX8fZb97_Dv&previous_page_section_name=1000&federated_search_id=eb5ba7cf-06bd-420e-8392-7920fc821522,2025-03-22 16:33:03
Zimmer in St. Gallen,Price not available,No rating,"Aufenthalt bei Susanne
Aufenthalt bei Susanne
7 Jahre Gastgeber:in
,
 · 7 Jahre Gastgeber:in",https://www.airbnb.ch/rooms/42784108?search_mode=regular_search&adults=1&category_tag=Tag%3A8678&check_in=2025-04-07&check_out=2025-04-12&children=0&infants=0&pets=0&photo_id=982754303&source_impression_id=p3_1742657576_P3oM_E00FgWvvOYf&previous_page_section_name=1000&federated_search_id=eb5ba7cf-06bd-420e-8392-7920fc821522,2025-03-22 16:33:03
Wohnung in St. Gallen,Price not available,No rating,Gemütliche Wohnung,https://www.airbnb.ch/rooms/1258654575298959105?search_mode=regular_search&adults=1&check_in=2025-04-01&check_out=2025-04-06&children=0&infants=0&pets=0&source_impression_id=p3_1742657576_P3DfVQ3ulGFHwYz4&previous_page_section_name=1000&federated_search_id=eb5ba7cf-06bd-420e-8392-7920fc821522,2025-03-22 16:33:03
Wohnung in St. Gallen,Price not available,No rating,"St.Gallen zentral, ruhig, bei Badeweihern und Wald",https://www.airbnb.ch/rooms/41971258?search_mode=regular_search&adults=1&check_in=2025-04-02&check_out=2025-04-07&children=0&infants=0&pets=0&source_impression_id=p3_1742657576_P3weH5jvxNt7-Lbn&previous_page_section_name=1000&federated_search_id=eb5ba7cf-06bd-420e-8392-7920fc821522,2025-03-22 16:33:04
Wohnung in St. Gallen,Price not available,No rating,Charmante Altbauwohnung ruhig und doch zentral,https://www.airbnb.ch/rooms/1002032650200924193?search_mode=regular_search&adults=1&check_in=2025-04-01&check_out=2025-04-06&children=0&infants=0&pets=0&source_impression_id=p3_1742657576_P3829DfbHu4XOgzJ&previous_page_section_name=1000&federated_search_id=eb5ba7cf-06bd-420e-8392-7920fc821522,2025-03-22 16:33:04
Wohnung in St. Gallen,Price not available,No rating,Gemütliches Studio im Hotelstyle,https://www.airbnb.ch/rooms/1271492765511551149?search_mode=regular_search&adults=1&check_in=2025-04-01&check_out=2025-04-06&children=0&infants=0&pets=0&source_impression_id=p3_1742657576_P3tXpqxLyeUEXoO3&previous_page_section_name=1000&federated_search_id=eb5ba7cf-06bd-420e-8392-7920fc821522,2025-03-22 16:33:04
Zimmer in St. Gallen,Price not available,No rating,"Aufenthalt bei Erola
Aufenthalt bei Erola
9 Jahre Gastgeber:in
,
 · 9 Jahre Gastgeber:in",https://www.airbnb.ch/rooms/886956306594218127?search_mode=regular_search&adults=1&category_tag=Tag%3A8678&check_in=2025-04-01&check_out=2025-04-06&children=0&infants=0&pets=0&photo_id=1646729598&source_impression_id=p3_1742657576_P3vZheQuOYkRb-mF&previous_page_section_name=1000&federated_search_id=eb5ba7cf-06bd-420e-8392-7920fc821522,2025-03-22 16:33:04
Unterkunft in St. Gallen,Price not available,No rating,"YELLOW INN 7 nähe Uni, Olma, Spital, FHS",https://www.airbnb.ch/rooms/31036410?search_mode=regular_search&adults=1&check_in=2025-04-02&check_out=2025-04-07&children=0&infants=0&pets=0&source_impression_id=p3_1742657576_P3nVHmyGuXWCnQrD&previous_page_section_name=1000&federated_search_id=eb5ba7cf-06bd-420e-8392-7920fc821522,2025-03-22 16:33:04
Unterkunft in St. Gallen,Price not available,No rating,TouchBed | Budget Doppelzimmer,https://www.airbnb.ch/rooms/22112589?search_mode=regular_search&adults=1&check_in=2025-04-01&check_out=2025-04-06&children=0&infants=0&pets=0&source_impression_id=p3_1742657576_P3EXtE2cH8pjBj7t&previous_page_section_name=1000&federated_search_id=eb5ba7cf-06bd-420e-8392-7920fc821522,2025-03-22 16:33:04
Zimmer in Sankt Gallen,Price not available,No rating,"Aufenthalt bei Felix
Aufenthalt bei Felix
8 Jahre Gastgeber:in
,
 · 8 Jahre Gastgeber:in",https://www.airbnb.ch/rooms/20937274?search_mode=regular_search&adults=1&category_tag=Tag%3A8678&check_in=2025-04-04&check_out=2025-04-09&children=0&infants=0&pets=0&photo_id=372810159&source_impression_id=p3_1742657576_P3hWmX6Hg8MspY8t&previous_page_section_name=1000&federated_search_id=eb5ba7cf-06bd-420e-8392-7920fc821522,2025-03-22 16:33:04
Wohnung in St. Gallen,Price not available,No rating,1 Zimmerwohnung ohne Küche mitten im Zentrum,https://www.airbnb.ch/rooms/1115968720346511055?search_mode=regular_search&adults=1&check_in=2025-04-11&check_out=2025-04-16&children=0&infants=0&pets=0&source_impression_id=p3_1742657576_P3Mzlt6q8WPKdbvD&previous_page_section_name=1000&federated_search_id=eb5ba7cf-06bd-420e-8392-7920fc821522,2025-03-22 16:33:04
Wohnung in St. Gallen,Price not available,No rating,"Nachhaltig Wohnen im 1. Stock, gratis Parkplatz!",https://www.airbnb.ch/rooms/631007400205214375?search_mode=regular_search&adults=1&check_in=2025-04-04&check_out=2025-04-09&children=0&infants=0&pets=0&source_impression_id=p3_1742657576_P34CdfHKyS85BVAB&previous_page_section_name=1000&federated_search_id=eb5ba7cf-06bd-420e-8392-7920fc821522,2025-03-22 16:33:04
Zimmer in Engelburg,Price not available,No rating,"Aufenthalt bei Sabrina
Aufenthalt bei Sabrina
5 Jahre Gastgeber:in
,
 · 5 Jahre Gastgeber:in",https://www.airbnb.ch/rooms/44186446?search_mode=regular_search&adults=1&category_tag=Tag%3A8678&check_in=2025-04-01&check_out=2025-04-06&children=0&infants=0&pets=0&photo_id=1037305286&source_impression_id=p3_1742657576_P3rgT5G5iZmXZh74&previous_page_section_name=1000&federated_search_id=eb5ba7cf-06bd-420e-8392-7920fc821522,2025-03-22 16:33:04
Zimmer in St. Gallen,Price not available,No rating,"Aufenthalt bei Gabrielle
Aufenthalt bei Gabrielle
7 Jahre Gastgeber:in
,
 · 7 Jahre Gastgeber:in",https://www.airbnb.ch/rooms/24621835?search_mode=regular_search&adults=1&category_tag=Tag%3A8678&check_in=2025-04-01&check_out=2025-04-06&children=0&infants=0&pets=0&photo_id=484971347&source_impression_id=p3_1742657576_P383r9RApzj7w3CY&previous_page_section_name=1000&federated_search_id=eb5ba7cf-06bd-420e-8392-7920fc821522,2025-03-22 16:33:04
Zimmer in St. Gallen,Price not available,No rating,"Aufenthalt bei Erola
Aufenthalt bei Erola
9 Jahre Gastgeber:in
,
 · 9 Jahre Gastgeber:in",https://www.airbnb.ch/rooms/886949108154049153?search_mode=regular_search&adults=1&category_tag=Tag%3A8678&check_in=2025-04-15&check_out=2025-04-20&children=0&infants=0&pets=0&photo_id=1646720652&source_impression_id=p3_1742657576_P3m7QJX0VZoy9qXk&previous_page_section_name=1000&federated_search_id=eb5ba7cf-06bd-420e-8392-7920fc821522,2025-03-22 16:33:04
Wohnung in Sankt Gallen,Price not available,No rating,"Zentral gelegenes, sonniges Studio.",https://www.airbnb.ch/rooms/10914425?search_mode=regular_search&adults=1&check_in=2025-04-01&check_out=2025-04-06&children=0&infants=0&pets=0&source_impression_id=p3_1742657576_P3B3tALWgZvZCrfq&previous_page_section_name=1000&federated_search_id=eb5ba7cf-06bd-420e-8392-7920fc821522,2025-03-22 16:33:04
Wohnung in St. Gallen,Price not available,No rating,"2,5-Zimmer-Apartment mit kostenlosem Parkplatz.",https://www.airbnb.ch/rooms/1322403842311571170?search_mode=regular_search&adults=1&check_in=2025-10-03&check_out=2025-10-08&children=0&infants=0&pets=0&source_impression_id=p3_1742657576_P3kOgv6onUR_e5rA&previous_page_section_name=1000&federated_search_id=eb5ba7cf-06bd-420e-8392-7920fc821522,2025-03-22 16:33:04
Wohnung in St. Gallen,Price not available,No rating,St. Gallen zentral und gemütlich,https://www.airbnb.ch/rooms/25726270?search_mode=regular_search&adults=1&check_in=2025-04-01&check_out=2025-04-06&children=0&infants=0&pets=0&source_impression_id=p3_1742657589_P3mTDJtUm-bFQezA&previous_page_section_name=1000&federated_search_id=41279704-e1ef-4d4d-a729-440959f6d85b,2025-03-22 16:33:15
Wohnung in St. Gallen,Price not available,No rating,TouchBed | Budget-Studio,https://www.airbnb.ch/rooms/22469139?search_mode=regular_search&adults=1&check_in=2025-04-01&check_out=2025-04-06&children=0&infants=0&pets=0&source_impression_id=p3_1742657589_P3YSzzYNUBulThxS&previous_page_section_name=1000&federated_search_id=41279704-e1ef-4d4d-a729-440959f6d85b,2025-03-22 16:33:15
Zimmer in St. Gallen,Price not available,No rating,"Aufenthalt bei Susanne
Aufenthalt bei Susanne
7 Jahre Gastgeber:in
,
 · 7 Jahre Gastgeber:in",https://www.airbnb.ch/rooms/42784108?search_mode=regular_search&adults=1&category_tag=Tag%3A8678&check_in=2025-04-07&check_out=2025-04-12&children=0&infants=0&pets=0&photo_id=982754303&source_impression_id=p3_1742657589_P3DRGnXuheG9dURN&previous_page_section_name=1000&federated_search_id=41279704-e1ef-4d4d-a729-440959f6d85b,2025-03-22 16:33:15
Wohnung in St. Gallen,Price not available,No rating,Gemütliche Wohnung,https://www.airbnb.ch/rooms/1258654575298959105?search_mode=regular_search&adults=1&check_in=2025-04-01&check_out=2025-04-06&children=0&infants=0&pets=0&source_impression_id=p3_1742657589_P3BeXm5dPT26K06S&previous_page_section_name=1000&federated_search_id=41279704-e1ef-4d4d-a729-440959f6d85b,2025-03-22 16:33:15
Wohnung in St. Gallen,Price not available,No rating,"St.Gallen zentral, ruhig, bei Badeweihern und Wald",https://www.airbnb.ch/rooms/41971258?search_mode=regular_search&adults=1&check_in=2025-04-02&check_out=2025-04-07&children=0&infants=0&pets=0&source_impression_id=p3_1742657589_P3KJI8dhKFLL6QKh&previous_page_section_name=1000&federated_search_id=41279704-e1ef-4d4d-a729-440959f6d85b,2025-03-22 16:33:16
Wohnung in St. Gallen,Price not available,No rating,Charmante Altbauwohnung ruhig und doch zentral,https://www.airbnb.ch/rooms/1002032650200924193?search_mode=regular_search&adults=1&check_in=2025-04-01&check_out=2025-04-06&children=0&infants=0&pets=0&source_impression_id=p3_1742657589_P3Y_KKVVkNo916sn&previous_page_section_name=1000&federated_search_id=41279704-e1ef-4d4d-a729-440959f6d85b,2025-03-22 16:33:16
Wohnung in St. Gallen,Price not available,No rating,Gemütliches Studio im Hotelstyle,https://www.airbnb.ch/rooms/1271492765511551149?search_mode=regular_search&adults=1&check_in=2025-04-01&check_out=2025-04-06&children=0&infants=0&pets=0&source_impression_id=p3_1742657589_P3ptwYw984QpN4DY&previous_page_section_name=1000&federated_search_id=41279704-e1ef-4d4d-a729-440959f6d85b,2025-03-22 16:33:16
Zimmer in St. Gallen,Price not available,No rating,"Aufenthalt bei Erola
Aufenthalt bei Erola
9 Jahre Gastgeber:in
,
 · 9 Jahre Gastgeber:in",https://www.airbnb.ch/rooms/886956306594218127?search_mode=regular_search&adults=1&category_tag=Tag%3A8678&check_in=2025-04-01&check_out=2025-04-06&children=0&infants=0&pets=0&photo_id=1646729598&source_impression_id=p3_1742657589_P36DqRPDB_CpcSJk&previous_page_section_name=1000&federated_search_id=41279704-e1ef-4d4d-a729-440959f6d85b,2025-03-22 16:33:16
Unterkunft in St. Gallen,Price not available,No rating,"YELLOW INN 7 nähe Uni, Olma, Spital, FHS",https://www.airbnb.ch/rooms/31036410?search_mode=regular_search&adults=1&check_in=2025-04-02&check_out=2025-04-07&children=0&infants=0&pets=0&source_impression_id=p3_1742657589_P38FATAd5gbSUEQ5&previous_page_section_name=1000&federated_search_id=41279704-e1ef-4d4d-a729-440959f6d85b,2025-03-22 16:33:16
Unterkunft in St. Gallen,Price not available,No rating,TouchBed | Budget Doppelzimmer,https://www.airbnb.ch/rooms/22112589?search_mode=regular_search&adults=1&check_in=2025-04-01&check_out=2025-04-06&children=0&infants=0&pets=0&source_impression_id=p3_1742657589_P3BixO191Yx2Qdx1&previous_page_section_name=1000&federated_search_id=41279704-e1ef-4d4d-a729-440959f6d85b,2025-03-22 16:33:16
Zimmer in Sankt Gallen,Price not available,No rating,"Aufenthalt bei Felix
Aufenthalt bei Felix
8 Jahre Gastgeber:in
,
 · 8 Jahre Gastgeber:in",https://www.airbnb.ch/rooms/20937274?search_mode=regular_search&adults=1&category_tag=Tag%3A8678&check_in=2025-04-04&check_out=2025-04-09&children=0&infants=0&pets=0&photo_id=372810159&source_impression_id=p3_1742657589_P3yZ8neRfK21YUuO&previous_page_section_name=1000&federated_search_id=41279704-e1ef-4d4d-a729-440959f6d85b,2025-03-22 16:33:16
Wohnung in St. Gallen,Price not available,No rating,1 Zimmerwohnung ohne Küche mitten im Zentrum,https://www.airbnb.ch/rooms/1115968720346511055?search_mode=regular_search&adults=1&check_in=2025-04-11&check_out=2025-04-16&children=0&infants=0&pets=0&source_impression_id=p3_1742657589_P32F5Ate6ViKcgUy&previous_page_section_name=1000&federated_search_id=41279704-e1ef-4d4d-a729-440959f6d85b,2025-03-22 16:33:16
Wohnung in St. Gallen,Price not available,No rating,"Nachhaltig Wohnen im 1. Stock, gratis Parkplatz!",https://www.airbnb.ch/rooms/631007400205214375?search_mode=regular_search&adults=1&check_in=2025-04-04&check_out=2025-04-09&children=0&infants=0&pets=0&source_impression_id=p3_1742657589_P3qkwH4WL_cIhRN_&previous_page_section_name=1000&federated_search_id=41279704-e1ef-4d4d-a729-440959f6d85b,2025-03-22 16:33:16
Zimmer in Engelburg,Price not available,No rating,"Aufenthalt bei Sabrina
Aufenthalt bei Sabrina
5 Jahre Gastgeber:in
,
 · 5 Jahre Gastgeber:in",https://www.airbnb.ch/rooms/44186446?search_mode=regular_search&adults=1&category_tag=Tag%3A8678&check_in=2025-04-01&check_out=2025-04-06&children=0&infants=0&pets=0&photo_id=1037305286&source_impression_id=p3_1742657590_P34GuoMeSq1n7UNv&previous_page_section_name=1000&federated_search_id=41279704-e1ef-4d4d-a729-440959f6d85b,2025-03-22 16:33:16
Zimmer in St. Gallen,Price not available,No rating,"Aufenthalt bei Gabrielle
Aufenthalt bei Gabrielle
7 Jahre Gastgeber:in
,
 · 7 Jahre Gastgeber:in",https://www.airbnb.ch/rooms/24621835?search_mode=regular_search&adults=1&category_tag=Tag%3A8678&check_in=2025-04-01&check_out=2025-04-06&children=0&infants=0&pets=0&photo_id=484971347&source_impression_id=p3_1742657590_P3YtHGWvjRc4MNsN&previous_page_section_name=1000&federated_search_id=41279704-e1ef-4d4d-a729-440959f6d85b,2025-03-22 16:33:17
Zimmer in St. Gallen,Price not available,No rating,"Aufenthalt bei Erola
Aufenthalt bei Erola
9 Jahre Gastgeber:in
,
 · 9 Jahre Gastgeber:in",https://www.airbnb.ch/rooms/886949108154049153?search_mode=regular_search&adults=1&category_tag=Tag%3A8678&check_in=2025-04-15&check_out=2025-04-20&children=0&infants=0&pets=0&photo_id=1646720652&source_impression_id=p3_1742657590_P3EximvqDBIX8CRC&previous_page_section_name=1000&federated_search_id=41279704-e1ef-4d4d-a729-440959f6d85b,2025-03-22 16:33:17
Wohnung in Sankt Gallen,Price not available,No rating,"Zentral gelegenes, sonniges Studio.",https://www.airbnb.ch/rooms/10914425?search_mode=regular_search&adults=1&check_in=2025-04-01&check_out=2025-04-06&children=0&infants=0&pets=0&source_impression_id=p3_1742657590_P3A-mDy26AkUvsQw&previous_page_section_name=1000&federated_search_id=41279704-e1ef-4d4d-a729-440959f6d85b,2025-03-22 16:33:17
Wohnung in St. Gallen,Price not available,No rating,"2,5-Zimmer-Apartment mit kostenlosem Parkplatz.",https://www.airbnb.ch/rooms/1322403842311571170?search_mode=regular_search&adults=1&check_in=2025-10-03&check_out=2025-10-08&children=0&infants=0&pets=0&source_impression_id=p3_1742657590_P3kFzPdPV_UCswVE&previous_page_section_name=1000&federated_search_id=41279704-e1ef-4d4d-a729-440959f6d85b,2025-03-22 16:33:17
Wohnung in St. Gallen,Price not available,No rating,St. Gallen zentral und gemütlich,https://www.airbnb.ch/rooms/25726270?search_mode=regular_search&adults=1&check_in=2025-04-01&check_out=2025-04-06&children=0&infants=0&pets=0&source_impression_id=p3_1742657589_P3mTDJtUm-bFQezA&previous_page_section_name=1000&federated_search_id=41279704-e1ef-4d4d-a729-440959f6d85b,2025-03-22 16:33:17
Wohnung in St. Gallen,Price not available,No rating,TouchBed | Budget-Studio,https://www.airbnb.ch/rooms/22469139?search_mode=regular_search&adults=1&check_in=2025-04-01&check_out=2025-04-06&children=0&infants=0&pets=0&source_impression_id=p3_1742657589_P3YSzzYNUBulThxS&previous_page_section_name=1000&federated_search_id=41279704-e1ef-4d4d-a729-440959f6d85b,2025-03-22 16:33:17
Zimmer in St. Gallen,Price not available,No rating,"Aufenthalt bei Susanne
Aufenthalt bei Susanne
7 Jahre Gastgeber:in
,
 · 7 Jahre Gastgeber:in",https://www.airbnb.ch/rooms/42784108?search_mode=regular_search&adults=1&category_tag=Tag%3A8678&check_in=2025-04-07&check_out=2025-04-12&children=0&infants=0&pets=0&photo_id=982754303&source_impression_id=p3_1742657589_P3DRGnXuheG9dURN&previous_page_section_name=1000&federated_search_id=41279704-e1ef-4d4d-a729-440959f6d85b,2025-03-22 16:33:17
Wohnung in St. Gallen,Price not available,No rating,Gemütliche Wohnung,https://www.airbnb.ch/rooms/1258654575298959105?search_mode=regular_search&adults=1&check_in=2025-04-01&check_out=2025-04-06&children=0&infants=0&pets=0&source_impression_id=p3_1742657589_P3BeXm5dPT26K06S&previous_page_section_name=1000&federated_search_id=41279704-e1ef-4d4d-a729-440959f6d85b,2025-03-22 16:33:17
Wohnung in St. Gallen,Price not available,No rating,"St.Gallen zentral, ruhig, bei Badeweihern und Wald",https://www.airbnb.ch/rooms/41971258?search_mode=regular_search&adults=1&check_in=2025-04-02&check_out=2025-04-07&children=0&infants=0&pets=0&source_impression_id=p3_1742657589_P3KJI8dhKFLL6QKh&previous_page_section_name=1000&federated_search_id=41279704-e1ef-4d4d-a729-440959f6d85b,2025-03-22 16:33:17
Wohnung in St. Gallen,Price not available,No rating,Charmante Altbauwohnung ruhig und doch zentral,https://www.airbnb.ch/rooms/1002032650200924193?search_mode=regular_search&adults=1&check_in=2025-04-01&check_out=2025-04-06&children=0&infants=0&pets=0&source_impression_id=p3_1742657589_P3Y_KKVVkNo916sn&previous_page_section_name=1000&federated_search_id=41279704-e1ef-4d4d-a729-440959f6d85b,2025-03-22 16:33:17
Wohnung in St. Gallen,Price not available,No rating,Gemütliches Studio im Hotelstyle,https://www.airbnb.ch/rooms/1271492765511551149?search_mode=regular_search&adults=1&check_in=2025-04-01&check_out=2025-04-06&children=0&infants=0&pets=0&source_impression_id=p3_1742657589_P3ptwYw984QpN4DY&previous_page_section_name=1000&federated_search_id=41279704-e1ef-4d4d-a729-440959f6d85b,2025-03-22 16:33:17
Zimmer in St. Gallen,Price not available,No rating,"Aufenthalt bei Erola
Aufenthalt bei Erola
9 Jahre Gastgeber:in
,
 · 9 Jahre Gastgeber:in",https://www.airbnb.ch/rooms/886956306594218127?search_mode=regular_search&adults=1&category_tag=Tag%3A8678&check_in=2025-04-01&check_out=2025-04-06&children=0&infants=0&pets=0&photo_id=1646729598&source_impression_id=p3_1742657589_P36DqRPDB_CpcSJk&previous_page_section_name=1000&federated_search_id=41279704-e1ef-4d4d-a729-440959f6d85b,2025-03-22 16:33:17
Unterkunft in St. Gallen,Price not available,No rating,"YELLOW INN 7 nähe Uni, Olma, Spital, FHS",https://www.airbnb.ch/rooms/31036410?search_mode=regular_search&adults=1&check_in=2025-04-02&check_out=2025-04-07&children=0&infants=0&pets=0&source_impression_id=p3_1742657589_P38FATAd5gbSUEQ5&previous_page_section_name=1000&federated_search_id=41279704-e1ef-4d4d-a729-440959f6d85b,2025-03-22 16:33:17
Unterkunft in St. Gallen,Price not available,No rating,TouchBed | Budget Doppelzimmer,https://www.airbnb.ch/rooms/22112589?search_mode=regular_search&adults=1&check_in=2025-04-01&check_out=2025-04-06&children=0&infants=0&pets=0&source_impression_id=p3_1742657589_P3BixO191Yx2Qdx1&previous_page_section_name=1000&federated_search_id=41279704-e1ef-4d4d-a729-440959f6d85b,2025-03-22 16:33:18
Zimmer in Sankt Gallen,Price not available,No rating,"Aufenthalt bei Felix
Aufenthalt bei Felix
8 Jahre Gastgeber:in
,
 · 8 Jahre Gastgeber:in",https://www.airbnb.ch/rooms/20937274?search_mode=regular_search&adults=1&category_tag=Tag%3A8678&check_in=2025-04-04&check_out=2025-04-09&children=0&infants=0&pets=0&photo_id=372810159&source_impression_id=p3_1742657589_P3yZ8neRfK21YUuO&previous_page_section_name=1000&federated_search_id=41279704-e1ef-4d4d-a729-440959f6d85b,2025-03-22 16:33:18
Wohnung in St. Gallen,Price not available,No rating,1 Zimmerwohnung ohne Küche mitten im Zentrum,https://www.airbnb.ch/rooms/1115968720346511055?search_mode=regular_search&adults=1&check_in=2025-04-11&check_out=2025-04-16&children=0&infants=0&pets=0&source_impression_id=p3_1742657589_P32F5Ate6ViKcgUy&previous_page_section_name=1000&federated_search_id=41279704-e1ef-4d4d-a729-440959f6d85b,2025-03-22 16:33:18
Wohnung in St. Gallen,Price not available,No rating,"Nachhaltig Wohnen im 1. Stock, gratis Parkplatz!",https://www.airbnb.ch/rooms/631007400205214375?search_mode=regular_search&adults=1&check_in=2025-04-04&check_out=2025-04-09&children=0&infants=0&pets=0&source_impression_id=p3_1742657589_P3qkwH4WL_cIhRN_&previous_page_section_name=1000&federated_search_id=41279704-e1ef-4d4d-a729-440959f6d85b,2025-03-22 16:33:18
Zimmer in Engelburg,Price not available,No rating,"Aufenthalt bei Sabrina
Aufenthalt bei Sabrina
5 Jahre Gastgeber:in
,
 · 5 Jahre Gastgeber:in",https://www.airbnb.ch/rooms/44186446?search_mode=regular_search&adults=1&category_tag=Tag%3A8678&check_in=2025-04-01&check_out=2025-04-06&children=0&infants=0&pets=0&photo_id=1037305286&source_impression_id=p3_1742657590_P34GuoMeSq1n7UNv&previous_page_section_name=1000&federated_search_id=41279704-e1ef-4d4d-a729-440959f6d85b,2025-03-22 16:33:18
Zimmer in St. Gallen,Price not available,No rating,"Aufenthalt bei Gabrielle
Aufenthalt bei Gabrielle
7 Jahre Gastgeber:in
,
 · 7 Jahre Gastgeber:in",https://www.airbnb.ch/rooms/24621835?search_mode=regular_search&adults=1&category_tag=Tag%3A8678&check_in=2025-04-01&check_out=2025-04-06&children=0&infants=0&pets=0&photo_id=484971347&source_impression_id=p3_1742657590_P3YtHGWvjRc4MNsN&previous_page_section_name=1000&federated_search_id=41279704-e1ef-4d4d-a729-440959f6d85b,2025-03-22 16:33:18
Zimmer in St. Gallen,Price not available,No rating,"Aufenthalt bei Erola
Aufenthalt bei Erola
9 Jahre Gastgeber:in
,
 · 9 Jahre Gastgeber:in",https://www.airbnb.ch/rooms/886949108154049153?search_mode=regular_search&adults=1&category_tag=Tag%3A8678&check_in=2025-04-15&check_out=2025-04-20&children=0&infants=0&pets=0&photo_id=1646720652&source_impression_id=p3_1742657590_P3EximvqDBIX8CRC&previous_page_section_name=1000&federated_search_id=41279704-e1ef-4d4d-a729-440959f6d85b,2025-03-22 16:33:18
Wohnung in Sankt Gallen,Price not available,No rating,"Zentral gelegenes, sonniges Studio.",https://www.airbnb.ch/rooms/10914425?search_mode=regular_search&adults=1&check_in=2025-04-01&check_out=2025-04-06&children=0&infants=0&pets=0&source_impression_id=p3_1742657590_P3A-mDy26AkUvsQw&previous_page_section_name=1000&federated_search_id=41279704-e1ef-4d4d-a729-440959f6d85b,2025-03-22 16:33:18
Wohnung in St. Gallen,Price not available,No rating,"2,5-Zimmer-Apartment mit kostenlosem Parkplatz.",https://www.airbnb.ch/rooms/1322403842311571170?search_mode=regular_search&adults=1&check_in=2025-10-03&check_out=2025-10-08&children=0&infants=0&pets=0&source_impression_id=p3_1742657590_P3kFzPdPV_UCswVE&previous_page_section_name=1000&federated_search_id=41279704-e1ef-4d4d-a729-440959f6d85b,2025-03-22 16:33:18
